,TransactionID,id_01,id_02,id_03,id_04,id_05,id_06,id_07,id_08,id_09,id_10,id_11,id_12,id_13,id_14,id_15,id_16,id_17,id_18,id_19,id_20,id_21,id_22,id_23,id_24,id_25,id_26,id_27,id_28,id_29,id_30,id_31,id_32,id_33,id_34,id_35,id_36,id_37,id_38,DeviceType,DeviceInfo
125487,3488626,-20.0,184193.0,0.0,-5.0,-2.0,-100.0,,,0.0,-5.0,100.0,NotFound,64.0,,Found,Found,225.0,15.0,266.0,595.0,,,,,,,,Found,Found,,mobile safari generic,,,,F,F,T,F,mobile,
37053,3079048,-50.0,273684.0,,,0.0,0.0,,,,,100.0,NotFound,13.0,,New,NotFound,225.0,,427.0,507.0,,,,,,,,New,NotFound,,chrome 63.0,,,,F,F,T,T,desktop,
140176,3555390,-5.0,121918.0,,,6.0,-9.0,,,,,100.0,NotFound,52.0,-420.0,New,NotFound,166.0,12.0,410.0,350.0,,,,,,,,New,NotFound,Windows 7,firefox 59.0,24.0,1920x1080,match_status:2,T,F,T,F,desktop,Windows
142097,3565656,-15.0,,,,,,,,,,,NotFound,14.0,,,,,,,,,,,,,,,,,,,,,,,,,,,
3948,3003904,-5.0,112861.0,0.0,0.0,0.0,-11.0,,,0.0,0.0,100.0,NotFound,52.0,,Found,Found,225.0,,176.0,507.0,,,,,,,,Found,Found,,chrome 61.0,,,,F,F,T,T,desktop,
20305,3045909,0.0,117081.0,3.0,0.0,9.0,0.0,,,3.0,0.0,100.0,NotFound,,-300.0,Found,Found,166.0,12.0,410.0,178.0,,,,,,,,Found,Found,Windows 7,ie 11.0 for desktop,24.0,1366x768,match_status:2,T,T,T,T,desktop,Trident/7.0
81482,3250219,-5.0,102862.0,0.0,0.0,0.0,0.0,,,0.0,0.0,100.0,Found,49.0,-300.0,Found,Found,166.0,,487.0,600.0,,,,,,,,Found,Found,iOS 11.2.5,mobile safari generic,32.0,2208x1242,match_status:1,T,F,F,F,mobile,iOS Device
128084,3504934,-5.0,139393.0,,,0.0,0.0,,,,,100.0,NotFound,64.0,-300.0,New,NotFound,166.0,,100.0,501.0,,,,,,,,New,NotFound,iOS 11.2.6,mobile safari generic,32.0,2048x1536,match_status:1,T,F,F,T,mobile,iOS Device
37913,3080500,-5.0,239678.0,0.0,0.0,0.0,0.0,,,0.0,0.0,100.0,Found,52.0,-300.0,Found,Found,166.0,,529.0,161.0,,,,,,,,Found,Found,Windows 10,chrome 62.0,24.0,1920x1080,match_status:2,T,F,T,F,desktop,Windows
94663,3325225,-20.0,465778.0,,,6.0,-11.0,,,,,100.0,NotFound,33.0,,Unknown,,225.0,15.0,567.0,507.0,,,,,,,,New,NotFound,,mobile safari generic,,,,F,F,F,F,mobile,
57139,3118011,-5.0,105256.0,0.0,0.0,0.0,0.0,,,0.0,0.0,100.0,NotFound,52.0,,Found,Found,225.0,,266.0,305.0,,,,,,,,Found,Found,,chrome 63.0,,,,F,F,T,T,desktop,Windows
89812,3291244,-5.0,402188.0,,,0.0,0.0,,,,,100.0,NotFound,52.0,,New,NotFound,225.0,,649.0,305.0,,,,,,,,New,NotFound,,chrome 64.0,,,,F,F,T,F,desktop,Windows
141595,3563163,-5.0,146859.0,,,0.0,0.0,,,,,100.0,NotFound,52.0,,New,NotFound,225.0,,153.0,566.0,,,,,,,,New,NotFound,,edge 15.0,,,,F,F,T,F,desktop,Windows
98453,3348021,0.0,43700.0,0.0,0.0,0.0,0.0,,,0.0,0.0,100.0,NotFound,,-300.0,Found,Found,166.0,,529.0,161.0,,,,,,,,Found,Found,Android 7.0,chrome 64.0 for android,24.0,1280x720,match_status:2,T,F,T,T,mobile,SM-J727P
112370,3415051,-5.0,480176.0,0.0,0.0,0.0,0.0,,,0.0,0.0,100.0,NotFound,64.0,,Found,Found,225.0,,266.0,325.0,,,,,,,,Found,Found,,chrome 65.0 for android,,,,F,F,T,F,mobile,Blade V6 Plus Build/MRA58K
95074,3328010,-10.0,100608.0,0.0,0.0,0.0,0.0,,,0.0,0.0,100.0,NotFound,33.0,,Found,Found,225.0,15.0,427.0,507.0,,,,,,,,Found,Found,,chrome 64.0,,,,F,F,T,F,desktop,
47833,3097635,-10.0,160100.0,,,0.0,0.0,,,,,100.0,Found,49.0,0.0,New,NotFound,121.0,,410.0,142.0,,,,,,,,New,NotFound,iOS 11.2.1,mobile safari 11.0,32.0,2208x1242,match_status:1,T,F,F,F,mobile,iOS Device
128848,3509035,-5.0,392560.0,,,0.0,0.0,,,,,100.0,NotFound,64.0,,New,NotFound,225.0,,153.0,325.0,,,,,,,,New,NotFound,,chrome 66.0 for android,,,,F,F,T,F,mobile,LG-K200 Build/MXB48T
8731,3018047,-5.0,431269.0,1.0,0.0,1.0,0.0,,,1.0,0.0,100.0,NotFound,52.0,,Found,Found,225.0,15.0,266.0,340.0,,,,,,,,Found,Found,,chrome 62.0,,,,F,F,T,T,desktop,Windows
44868,3092994,-5.0,437913.0,,,0.0,0.0,,,,,100.0,NotFound,52.0,-360.0,Found,NotFound,166.0,,215.0,484.0,,,,,,,,Found,NotFound,Windows 10,chrome 63.0,24.0,1920x1080,match_status:2,T,F,T,F,desktop,Windows
102903,3370229,-5.0,105388.0,,,0.0,0.0,,,,,100.0,NotFound,52.0,,New,NotFound,225.0,,427.0,305.0,,,,,,,,New,NotFound,,chrome generic,,,,F,F,T,F,desktop,Windows
38210,3081007,-5.0,246365.0,0.0,0.0,0.0,0.0,,,0.0,0.0,100.0,Found,52.0,-300.0,Found,Found,166.0,15.0,100.0,489.0,,,,,,,,Found,Found,Windows 7,ie 11.0 for desktop,24.0,,match_status:2,T,F,T,T,desktop,Trident/7.0
103850,3375299,-5.0,131733.0,0.0,0.0,0.0,0.0,,,0.0,0.0,100.0,NotFound,52.0,,Found,Found,225.0,,153.0,563.0,,,,,,,,Found,Found,,chrome 64.0,,,,F,F,T,F,desktop,Windows
73579,3206406,-25.0,339237.0,,,1.0,0.0,,,0.0,0.0,95.16000366210938,NotFound,49.0,,Unknown,,225.0,,427.0,325.0,,,,,,,,Found,Found,,safari generic,,,,F,F,F,F,desktop,
9388,3019868,0.0,68643.0,0.0,0.0,0.0,0.0,,,0.0,0.0,100.0,Found,,-300.0,Found,Found,166.0,,215.0,368.0,,,,,,,,Found,Found,Windows Vista,chrome 49.0,24.0,1440x900,match_status:2,T,T,T,T,desktop,Windows
30671,3067244,-5.0,265033.0,0.0,0.0,2.0,-25.0,,,0.0,0.0,100.0,NotFound,49.0,,Found,Found,225.0,15.0,266.0,563.0,,,,,,,,Found,Found,,other,,,,F,F,T,F,mobile,SAMSUNG SM-G530H Build/LRX22G
73791,3207556,-5.0,237059.0,0.0,0.0,-4.0,-26.0,,,0.0,0.0,100.0,NotFound,52.0,,Found,Found,121.0,,410.0,274.0,,,,,,,,Found,Found,,chrome 63.0,,,,F,F,T,F,desktop,Windows
51213,3102145,0.0,209129.0,,,0.0,0.0,,,,,100.0,NotFound,,,New,NotFound,225.0,,427.0,507.0,,,,,,,,New,NotFound,,chrome 63.0 for android,,,,F,F,T,T,mobile,LG-K580 Build/MRA58K
74384,3210993,-20.0,505424.0,,,10.0,-29.0,,,,,100.0,NotFound,49.0,,Unknown,,225.0,15.0,266.0,563.0,,,,,,,,New,NotFound,,mobile safari 11.0,,,,F,F,F,F,mobile,
111560,3409196,-20.0,145624.0,,,0.0,-5.0,,,0.0,0.0,95.16000366210938,NotFound,64.0,,Unknown,,225.0,15.0,176.0,507.0,,,,,,,,Found,Found,,safari generic,,,,F,F,F,F,desktop,
66585,3165878,-10.0,120265.0,0.0,0.0,0.0,0.0,,,0.0,0.0,100.0,NotFound,52.0,,Found,Found,225.0,,427.0,411.0,,,,,,,,Found,Found,,chrome 63.0,,,,F,F,T,F,desktop,Windows
89564,3289909,-45.0,686903.0,0.0,0.0,0.0,0.0,,,0.0,0.0,100.0,NotFound,33.0,,Found,Found,225.0,,266.0,507.0,,,,,,,,Found,Found,,chrome generic,,,,F,F,T,F,desktop,CHC-U03 Build/HuaweiCHC-U03
30012,3065934,-60.0,290601.0,0.0,0.0,2.0,-5.0,,,0.0,0.0,100.0,Found,52.0,,Found,Found,166.0,13.0,216.0,214.0,,,,,,,,Found,Found,,ie 11.0 for desktop,,,,F,F,T,T,desktop,rv:11.0
107838,3391754,-35.0,104057.0,,,0.0,0.0,,,0.0,0.0,95.08000183105467,NotFound,62.0,,Unknown,,225.0,,271.0,507.0,,,,,,,,Found,Found,,edge 16.0,,,,F,F,F,F,desktop,Windows
121560,3465656,-25.0,176254.0,,,14.0,-31.0,13.0,-49.0,,,100.0,NotFound,64.0,-300.0,New,NotFound,166.0,12.0,317.0,549.0,252.0,14.0,IP_PROXY:TRANSPARENT,11.0,321.0,184.0,Found,New,NotFound,iOS 11.1.1,mobile safari generic,32.0,1334x750,match_status:1,T,F,F,F,mobile,iOS Device
7925,3015645,-5.0,102628.0,,,,,,,,,100.0,NotFound,52.0,-300.0,New,NotFound,166.0,,454.0,600.0,,,,,,,,New,NotFound,Windows 10,chrome 62.0,24.0,1440x900,match_status:2,T,F,T,T,desktop,Windows
143298,3572436,-5.0,230908.0,0.0,0.0,0.0,0.0,,,0.0,0.0,100.0,NotFound,52.0,,Found,Found,225.0,,266.0,612.0,,,,,,,,Found,Found,,chrome 66.0,,,,F,F,T,F,desktop,Windows
132778,3525449,-5.0,512353.0,0.0,0.0,0.0,0.0,,,0.0,0.0,100.0,NotFound,64.0,-360.0,Found,Found,166.0,,215.0,100.0,,,,,,,,Found,Found,iOS 11.3.0,mobile safari 11.0,32.0,2208x1242,match_status:1,T,F,T,F,mobile,iOS Device
136119,3538852,-5.0,99624.0,0.0,0.0,-7.0,-9.0,,,0.0,0.0,100.0,NotFound,52.0,,Found,Found,225.0,,427.0,507.0,,,,,,,,Found,Found,,chrome 66.0,,,,F,F,T,F,desktop,Windows
125664,3489874,-5.0,121347.0,,,0.0,0.0,,,,,100.0,NotFound,64.0,-360.0,New,NotFound,166.0,,312.0,215.0,,,,,,,,New,NotFound,iOS 11.3.0,mobile safari generic,32.0,2436x1125,match_status:1,T,F,T,F,mobile,iOS Device
45377,3093818,-5.0,205506.0,,,2.0,-4.0,,,,,100.0,NotFound,49.0,-360.0,New,NotFound,166.0,13.0,352.0,146.0,,,,,,,,New,NotFound,iOS 11.2.1,mobile safari 11.0,32.0,1136x640,match_status:1,T,F,F,F,mobile,iOS Device
103546,3373924,-20.0,127798.0,0.0,0.0,0.0,0.0,,,0.0,0.0,100.0,NotFound,52.0,,Found,Found,225.0,,266.0,122.0,,,,,,,,Found,Found,,firefox 59.0,,,,F,F,T,F,desktop,rv:59.0
117613,3444033,-50.0,2249.0,0.0,0.0,,,15.0,-10.0,0.0,0.0,100.0,Found,54.0,-300.0,Found,Found,,,,,576.0,14.0,IP_PROXY:HIDDEN,15.0,505.0,102.0,Found,Found,Found,Android,chrome 65.0,24.0,1280x720,match_status:2,T,F,T,T,mobile,
101836,3364255,-5.0,941.0,0.0,0.0,1.0,0.0,,,0.0,0.0,100.0,Found,52.0,-360.0,Found,Found,166.0,13.0,306.0,146.0,,,,,,,,Found,Found,Windows 10,edge 16.0,24.0,1920x1080,match_status:2,T,F,T,T,desktop,Windows
43569,3090719,-5.0,81906.0,0.0,0.0,0.0,0.0,,,0.0,0.0,100.0,NotFound,52.0,,Found,Found,225.0,,266.0,563.0,,,,,,,,Found,Found,,firefox 57.0,,,,F,F,T,T,desktop,Windows
49945,3100434,-5.0,95500.0,,,0.0,0.0,,,,,100.0,NotFound,52.0,-300.0,New,NotFound,166.0,15.0,214.0,107.0,,,,,,,,New,NotFound,Windows 7,chrome 63.0,24.0,1600x900,match_status:2,T,F,T,F,desktop,Windows
112757,3417416,-15.0,,,,,,,,,,,NotFound,14.0,,,,,,,,,,,,,,,,,,,,,,,,,,,
8852,3018465,0.0,30393.0,,,0.0,0.0,,,,,100.0,NotFound,,-480.0,New,NotFound,166.0,,215.0,222.0,,,,,,,,New,NotFound,Mac OS X 10_10_5,safari generic,24.0,1920x1080,match_status:2,T,F,T,T,desktop,MacOS
16334,3036742,-15.0,145119.0,,,,,13.0,-30.0,0.0,0.0,91.33999633789062,NotFound,52.0,,New,NotFound,,,,,256.0,41.0,IP_PROXY:ANONYMOUS,,344.0,170.0,Found,Found,Found,,chrome 63.0,,,,F,F,T,T,desktop,Windows
47945,3097818,-5.0,106285.0,,,0.0,0.0,,,,,100.0,NotFound,52.0,-300.0,New,NotFound,166.0,,312.0,600.0,,,,,,,,New,NotFound,Windows 10,edge 15.0,24.0,1920x1080,match_status:2,T,F,T,T,desktop,Windows
85305,3267351,-5.0,133718.0,,,0.0,0.0,,,,,100.0,NotFound,52.0,,New,NotFound,225.0,,266.0,325.0,,,,,,,,New,NotFound,,chrome 64.0,,,,F,F,T,F,desktop,Windows
61975,3139499,0.0,144898.0,,,5.0,-19.0,,,,,100.0,NotFound,,,New,NotFound,121.0,,410.0,142.0,,,,,,,,New,NotFound,,samsung browser 6.2,,,,F,F,T,T,mobile,SAMSUNG SM-G930F Build/NRD90M
107855,3391788,-20.0,554638.0,,,0.0,-5.0,,,,,100.0,NotFound,64.0,,Unknown,,225.0,,153.0,563.0,,,,,,,,New,NotFound,,mobile safari generic,,,,F,F,F,F,mobile,
141503,3562427,-10.0,127414.0,0.0,0.0,0.0,0.0,,,0.0,0.0,100.0,NotFound,52.0,,Found,Found,225.0,,266.0,566.0,,,,,,,,Found,Found,,firefox 60.0,,,,F,F,T,F,desktop,Windows
88172,3282462,-5.0,176895.0,1.0,0.0,3.0,-6.0,,,1.0,0.0,100.0,NotFound,52.0,-360.0,Found,Found,166.0,,312.0,214.0,,,,,,,,Found,Found,Linux,chrome generic,24.0,640x360,match_status:2,T,F,T,T,desktop,Windows
32808,3071201,-5.0,126600.0,,,0.0,-10.0,,,,,100.0,NotFound,49.0,-300.0,New,NotFound,166.0,15.0,215.0,489.0,,,,,,,,New,NotFound,Mac OS X 10_13_1,safari generic,24.0,2880x1800,match_status:2,T,F,F,F,desktop,MacOS
94961,3327279,-5.0,254905.0,0.0,0.0,0.0,0.0,,,0.0,0.0,100.0,NotFound,33.0,-480.0,Found,Found,166.0,,529.0,222.0,,,,,,,,Found,Found,Mac OS X 10_13_3,safari generic,24.0,1920x1080,match_status:2,T,F,T,F,desktop,MacOS
90487,3295418,-5.0,112666.0,0.0,0.0,0.0,0.0,,,0.0,0.0,100.0,NotFound,33.0,-480.0,Found,Found,166.0,,215.0,222.0,,,,,,,,Found,Found,Mac OS X 10_10_5,safari generic,24.0,2880x1800,match_status:2,T,F,T,F,desktop,MacOS
62583,3142414,0.0,263649.0,0.0,0.0,0.0,-6.0,,,0.0,0.0,100.0,NotFound,43.0,,Found,Found,225.0,,153.0,595.0,,,,,,,,Found,Found,,chrome 62.0 for android,,,,F,F,T,T,mobile,4047G Build/NRD90M
39719,3083664,0.0,219119.0,0.0,0.0,0.0,0.0,,,0.0,0.0,100.0,NotFound,43.0,,Found,Found,225.0,,266.0,305.0,,,,,,,,Found,Found,,chrome 62.0 for android,,,,F,F,T,T,mobile,Hisense F23 Build/NRD90M
60278,3130572,-10.0,287354.0,,,0.0,0.0,,,,,100.0,NotFound,52.0,,New,NotFound,225.0,,427.0,595.0,,,,,,,,New,NotFound,,edge 15.0,,,,F,F,T,T,desktop,Windows
39697,3083623,-5.0,496342.0,,,1.0,0.0,,,,,100.0,NotFound,49.0,-300.0,New,NotFound,166.0,,529.0,161.0,,,,,,,,New,NotFound,iOS 11.2.1,mobile safari 11.0,32.0,1334x750,match_status:1,T,F,T,F,mobile,iOS Device
131841,3522492,-5.0,72903.0,0.0,0.0,0.0,0.0,,,0.0,0.0,100.0,NotFound,52.0,,Found,Found,225.0,,266.0,325.0,,,,,,,,Found,Found,,opera 53.0,,,,F,F,T,F,desktop,Windows
130778,3518327,-5.0,48255.0,,,0.0,0.0,,,,,100.0,NotFound,64.0,-300.0,New,NotFound,166.0,,215.0,484.0,,,,,,,,New,NotFound,Mac OS X 10_13_3,safari 11.0,24.0,3840x2160,match_status:2,T,F,T,F,desktop,MacOS
101609,3362923,-20.0,467044.0,,,7.0,-10.0,,,,,100.0,NotFound,33.0,,Unknown,,225.0,15.0,417.0,507.0,,,,,,,,New,NotFound,,mobile safari generic,,,,F,F,F,F,mobile,
94369,3322974,-20.0,81958.0,0.0,0.0,0.0,0.0,,,0.0,0.0,100.0,NotFound,33.0,,Found,Found,225.0,,266.0,507.0,,,,,,,,Found,Found,,chrome 63.0,,,,F,F,T,F,desktop,
109221,3396983,-5.0,358778.0,,,0.0,-15.0,,,,,100.0,NotFound,52.0,,New,NotFound,225.0,15.0,271.0,507.0,,,,,,,,New,NotFound,,chrome 62.0,,,,F,F,T,F,desktop,Windows
132365,3524218,-5.0,34354.0,0.0,0.0,0.0,-12.0,,,0.0,0.0,100.0,NotFound,64.0,-300.0,Found,Found,166.0,15.0,352.0,277.0,,,,,,,,Found,Found,iOS 11.3.0,mobile safari 11.0,32.0,1334x750,match_status:1,T,F,F,T,mobile,iOS Device
64585,3152766,-20.0,147975.0,,,-1.0,-21.0,,,,,100.0,NotFound,49.0,,Unknown,,225.0,15.0,417.0,507.0,,,,,,,,New,NotFound,,mobile safari 10.0,,,,F,F,F,F,mobile,
5275,3008136,-5.0,16116.0,0.0,0.0,12.0,-17.0,,,0.0,0.0,100.0,NotFound,52.0,-480.0,Found,Found,166.0,,197.0,368.0,,,,,,,,Found,Found,Windows 10,firefox 57.0,24.0,1366x768,,T,F,T,T,desktop,Windows
39624,3083485,-5.0,83330.0,,,0.0,-1.0,,,,,100.0,NotFound,49.0,-480.0,New,NotFound,166.0,,548.0,222.0,,,,,,,,New,NotFound,Mac OS X 10_10_5,safari generic,24.0,1920x1080,match_status:2,T,F,F,F,desktop,MacOS
23496,3053059,-5.0,89621.0,0.0,0.0,0.0,0.0,,,0.0,0.0,100.0,NotFound,52.0,-300.0,Found,Found,166.0,,529.0,600.0,,,,,,,,Found,Found,Windows 10,chrome 63.0,24.0,1366x768,match_status:2,T,F,T,F,desktop,Windows
15036,3033581,-5.0,68123.0,0.0,0.0,6.0,0.0,,,0.0,0.0,100.0,NotFound,52.0,-300.0,Found,Found,166.0,15.0,410.0,278.0,,,,,,,,Found,Found,Windows 10,chrome 62.0,24.0,3440x1440,match_status:2,T,F,T,F,desktop,Windows
67332,3170016,-5.0,145898.0,,,0.0,0.0,,,,,100.0,NotFound,52.0,,New,NotFound,225.0,,427.0,507.0,,,,,,,,New,NotFound,,chrome 63.0,,,,F,F,T,F,desktop,Windows
125636,3489594,-5.0,145252.0,,,0.0,0.0,,,,,100.0,NotFound,52.0,-300.0,New,NotFound,166.0,,421.0,533.0,,,,,,,,New,NotFound,Windows 10,chrome generic,24.0,1920x1080,match_status:2,T,F,T,F,desktop,Windows
19115,3043438,-5.0,97715.0,0.0,0.0,0.0,0.0,,,0.0,0.0,100.0,NotFound,52.0,,Found,Found,225.0,,254.0,507.0,,,,,,,,Found,Found,,chrome 63.0,,,,F,F,T,T,desktop,Windows
3507,3002140,-5.0,64198.0,,,0.0,0.0,,,,,100.0,NotFound,52.0,-480.0,New,NotFound,166.0,,341.0,394.0,,,,,,,,New,NotFound,Windows 10,chrome 62.0,24.0,1920x1080,match_status:2,T,F,T,T,desktop,Windows
100864,3359637,-10.0,713306.0,0.0,0.0,0.0,0.0,,,0.0,0.0,100.0,NotFound,33.0,,Found,Found,225.0,,153.0,325.0,,,,,,,,Found,Found,,chrome generic for android,,,,F,F,T,F,mobile,SM-J730GM Build/NRD90M
65749,3160532,-5.0,42537.0,,,23.0,-30.0,,,,,100.0,NotFound,49.0,-300.0,New,NotFound,166.0,15.0,122.0,597.0,,,,,,,,New,NotFound,iOS 11.2.1,mobile safari 11.0,32.0,2208x1242,match_status:1,T,F,F,F,mobile,iOS Device
122824,3473474,-20.0,338149.0,,,1.0,-4.0,,,,,100.0,NotFound,64.0,,Unknown,,225.0,,266.0,563.0,,,,,,,,New,NotFound,,mobile safari generic,,,,F,F,F,F,mobile,
11020,3023988,-10.0,1622.0,0.0,0.0,2.0,0.0,,,0.0,0.0,100.0,Found,52.0,-300.0,Found,Found,166.0,,633.0,533.0,,,,,,,,Found,Found,Windows 10,edge 15.0,24.0,,match_status:2,T,F,T,T,desktop,Windows
68995,3180951,-5.0,25191.0,0.0,0.0,0.0,0.0,,,0.0,0.0,100.0,Found,52.0,-300.0,Found,Found,166.0,15.0,100.0,533.0,,,,,,,,Found,Found,Windows 10,chrome 63.0,24.0,1366x768,match_status:2,T,F,T,T,desktop,Windows
5382,3008468,-100.0,16725.0,0.0,0.0,0.0,0.0,22.0,-38.0,0.0,0.0,100.0,NotFound,52.0,-300.0,Found,Found,166.0,,100.0,533.0,228.0,14.0,IP_PROXY:HIDDEN,15.0,426.0,182.0,Found,Found,Found,Windows 10,chrome 62.0,24.0,1600x900,match_status:2,T,F,T,T,desktop,Windows
88933,3286289,-100.0,393952.0,,,-3.0,-32.0,,,,,100.0,NotFound,33.0,,Unknown,,225.0,15.0,567.0,507.0,,,,,,,,New,NotFound,,mobile safari generic,,,,F,F,F,F,mobile,
128398,3506597,-5.0,50682.0,,,0.0,0.0,,,,,100.0,NotFound,64.0,-480.0,New,NotFound,166.0,,312.0,222.0,,,,,,,,New,NotFound,iOS 10.2.0,mobile safari generic,32.0,2208x1242,match_status:1,T,F,F,T,mobile,iOS Device
13136,3029023,-40.0,25631.0,0.0,0.0,0.0,0.0,,,0.0,0.0,100.0,Found,18.0,-360.0,Found,Found,166.0,,410.0,214.0,,,,,,,,Found,Found,Windows 10,ie 11.0 for desktop,24.0,1920x1080,match_status:2,T,T,T,T,desktop,Trident/7.0
36409,3077751,-25.0,242835.0,,,0.0,0.0,,,,,100.0,NotFound,49.0,,Unknown,,225.0,,266.0,305.0,,,,,,,,New,NotFound,,mobile safari 11.0,,,,F,F,F,T,mobile,
91695,3302993,-45.0,440049.0,0.0,0.0,0.0,-5.0,,,0.0,0.0,100.0,NotFound,33.0,,Found,Found,225.0,20.0,484.0,507.0,,,,,,,,Found,Found,,chrome 64.0 for android,,,,F,F,T,F,mobile,HUAWEI VNS-L53 Build/HUAWEIVNS-L53
130614,3517542,-5.0,140362.0,,,0.0,-5.0,,,0.0,0.0,95.16000366210938,NotFound,52.0,,New,NotFound,166.0,13.0,216.0,214.0,,,,,,,,Found,Found,,ie 11.0 for desktop,,,,F,F,T,T,desktop,rv:11.0
113685,3422403,-45.0,56854.0,0.0,0.0,5.0,-4.0,,,0.0,0.0,100.0,NotFound,64.0,-360.0,Found,Found,166.0,13.0,542.0,333.0,,,,,,,,Found,Found,Android 7.1.1,chrome 65.0 for android,24.0,2220x1081,match_status:2,T,F,T,F,mobile,SM-N950U Build/NMF26X
68760,3179798,-15.0,229238.0,,,0.0,0.0,,,,,100.0,NotFound,49.0,,New,NotFound,225.0,,427.0,315.0,,,,,,,,New,NotFound,,chrome,,,,F,F,T,F,mobile,SM-T530 Build/LRX22G
129465,3512383,-5.0,240861.0,0.0,0.0,0.0,0.0,,,0.0,0.0,100.0,Found,64.0,-480.0,Found,Found,166.0,,352.0,222.0,,,,,,,,Found,Found,Mac OS X 10.9,firefox 59.0,24.0,1680x1050,match_status:2,T,F,T,F,desktop,rv:59.0
13225,3029217,-5.0,40166.0,3.0,0.0,3.0,0.0,,,3.0,0.0,100.0,NotFound,49.0,-300.0,Found,Found,166.0,,633.0,600.0,,,,,,,,Found,Found,iOS 9.3.5,mobile safari 9.0,32.0,1024x768,match_status:1,T,F,F,T,mobile,iOS Device
16210,3036476,-35.0,165624.0,,,0.0,0.0,,,0.0,0.0,100.0,Found,62.0,-420.0,Unknown,,166.0,,341.0,225.0,,,,,,,,Found,Found,Windows 10,chrome 63.0,24.0,1920x1080,match_status:2,T,F,F,F,desktop,Windows
103269,3372265,-20.0,197732.0,,,0.0,0.0,,,,,100.0,NotFound,33.0,,New,NotFound,225.0,,266.0,325.0,,,,,,,,New,NotFound,,chrome 64.0 for android,,,,F,F,T,F,mobile,SM-G531H Build/LMY48B
12399,3027342,0.0,18640.0,0.0,0.0,0.0,0.0,,,0.0,0.0,100.0,NotFound,,-300.0,Found,Found,166.0,,529.0,549.0,,,,,,,,Found,Found,Windows 7,ie 11.0 for desktop,24.0,1680x1050,match_status:2,T,T,T,T,desktop,Trident/7.0
3600,3002489,0.0,114655.0,,,10.0,-38.0,,,,,100.0,NotFound,,-300.0,New,NotFound,166.0,15.0,321.0,600.0,,,,,,,,New,NotFound,iOS 11.1.2,mobile safari 11.0,32.0,2208x1242,match_status:1,T,F,T,T,mobile,iOS Device
29871,3065669,0.0,174709.0,,,0.0,0.0,,,,,100.0,NotFound,,,New,NotFound,225.0,,266.0,320.0,,,,,,,,New,NotFound,,chrome 63.0 for android,,,,F,F,T,T,mobile,SM-J700M Build/MMB29K
102528,3367783,0.0,31450.0,0.0,0.0,0.0,-1.0,,,0.0,0.0,100.0,Found,,-300.0,Found,Found,166.0,13.0,100.0,535.0,,,,,,,,Found,Found,Mac OS X 10_10_5,safari generic,24.0,1920x1200,match_status:2,T,F,T,T,desktop,MacOS
107937,3391931,-20.0,210346.0,,,-5.0,-10.0,,,,,100.0,NotFound,64.0,,Unknown,,225.0,15.0,417.0,563.0,,,,,,,,New,NotFound,,android webview 4.0,,,,F,F,F,F,mobile,
55698,3112979,-5.0,70152.0,0.0,0.0,17.0,-100.0,,,0.0,0.0,100.0,NotFound,52.0,-360.0,Found,Found,166.0,12.0,337.0,535.0,,,,,,,,Found,Found,Windows 7,ie 11.0 for desktop,24.0,1920x1080,match_status:2,T,F,T,T,desktop,Trident/7.0
33891,3073243,0.0,31177.0,,,0.0,0.0,,,,,100.0,NotFound,,-300.0,Found,NotFound,166.0,13.0,100.0,391.0,,,,,,,,Found,NotFound,Mac OS X 10_13_2,chrome 63.0,24.0,2880x1800,match_status:0,T,F,T,T,desktop,MacOS
37747,3080222,0.0,29620.0,,,0.0,0.0,,,,,100.0,NotFound,,-480.0,New,NotFound,166.0,,529.0,222.0,,,,,,,,New,NotFound,iOS 11.1.2,mobile safari 11.0,32.0,1334x750,match_status:1,T,F,T,T,mobile,iOS Device
107742,3391485,-10.0,383541.0,,,0.0,0.0,,,,,100.0,NotFound,64.0,,New,NotFound,225.0,15.0,266.0,127.0,,,,,,,,New,NotFound,,chrome 65.0 for android,,,,F,F,T,F,mobile,SM-A310F Build/NRD90M
60133,3129853,-15.0,147020.0,,,42.0,-100.0,,,,,100.0,NotFound,25.0,-480.0,New,NotFound,166.0,15.0,410.0,177.0,,,,,,,,New,NotFound,,ie 11.0 for desktop,,,,F,T,T,T,desktop,Trident/7.0
58111,3121550,-10.0,69182.0,0.0,0.0,0.0,0.0,,,0.0,0.0,100.0,NotFound,52.0,,Found,Found,225.0,,266.0,612.0,,,,,,,,Found,Found,,chrome 63.0,,,,F,F,T,T,desktop,Windows
79346,3240321,-5.0,165223.0,,,0.0,0.0,,,,,100.0,NotFound,52.0,,New,NotFound,225.0,,266.0,507.0,,,,,,,,New,NotFound,,chrome 63.0,,,,F,F,T,F,desktop,
26722,3059525,-5.0,84686.0,,,0.0,-6.0,,,,,100.0,NotFound,49.0,-300.0,New,NotFound,166.0,15.0,410.0,368.0,,,,,,,,New,NotFound,iOS 11.2.1,mobile safari 11.0,32.0,2208x1242,match_status:1,T,F,F,T,mobile,iOS Device
66539,3165630,-5.0,119099.0,0.0,0.0,0.0,0.0,,,0.0,0.0,100.0,NotFound,52.0,-360.0,Found,Found,225.0,,153.0,325.0,,,,,,,,Found,Found,,chrome 49.0,,,,F,T,T,F,desktop,
123275,3476002,-5.0,112775.0,2.0,0.0,0.0,0.0,,,2.0,0.0,100.0,NotFound,52.0,-180.0,Found,Found,100.0,,537.0,314.0,,,,,,,,Found,Found,,chrome 49.0,,,,F,T,T,F,desktop,
103762,3374867,0.0,29319.0,0.0,0.0,24.0,-30.0,,,0.0,0.0,100.0,NotFound,,-300.0,Found,Found,166.0,15.0,410.0,549.0,,,,,,,,Found,Found,Mac OS X 10_12_6,chrome 64.0,24.0,1440x900,match_status:2,T,F,T,T,desktop,MacOS
63626,3147537,-5.0,99057.0,,,0.0,-1.0,,,0.0,0.0,100.0,Found,52.0,-300.0,New,NotFound,166.0,,312.0,161.0,,,,,,,,Found,Found,Windows 10,chrome 63.0,24.0,1366x768,match_status:2,T,F,T,T,desktop,Windows
40213,3084627,0.0,102026.0,0.0,0.0,0.0,0.0,,,0.0,0.0,100.0,NotFound,41.0,-300.0,Found,Found,166.0,15.0,100.0,533.0,,,,,,,,Found,Found,Mac OS X 10_13_2,safari generic,24.0,1440x900,match_status:2,T,T,T,T,desktop,MacOS
90796,3297438,-5.0,210369.0,,,-4.0,-100.0,,,,,100.0,NotFound,33.0,,New,NotFound,225.0,12.0,417.0,507.0,,,,,,,,New,NotFound,,chrome generic,,,,F,F,T,F,desktop,Moto G (5) Build/NPP25.137-93
33138,3071743,-20.0,155318.0,0.0,0.0,0.0,0.0,,,0.0,0.0,100.0,NotFound,52.0,,Found,Found,225.0,,290.0,401.0,,,,,,,,Found,Found,,chrome 63.0,,,,F,F,T,T,desktop,Windows
128251,3505659,-10.0,893780.0,0.0,0.0,-5.0,-10.0,,,0.0,0.0,100.0,NotFound,64.0,,Found,Found,225.0,,266.0,127.0,,,,,,,,Found,Found,,chrome generic for android,,,,F,F,T,F,mobile,SM-G935F Build/NRD90M
134723,3531992,0.0,23168.0,0.0,0.0,2.0,0.0,,,0.0,0.0,100.0,Found,41.0,-300.0,Found,Found,166.0,15.0,410.0,161.0,,,,,,,,Found,Found,Mac OS X 10_13_3,chrome 66.0,24.0,1440x900,match_status:2,T,F,T,T,desktop,MacOS
19610,3044341,-10.0,263891.0,0.0,0.0,0.0,0.0,,,0.0,0.0,100.0,Found,63.0,-300.0,Found,Found,166.0,15.0,390.0,489.0,,,,,,,,Found,Found,Windows 7,ie 11.0 for desktop,24.0,1920x1080,match_status:2,T,F,F,T,desktop,Trident/7.0
12715,3028062,-10.0,245059.0,,,4.0,-9.0,,,,,100.0,NotFound,63.0,-300.0,New,NotFound,166.0,13.0,352.0,333.0,,,,,,,,New,NotFound,Windows 7,ie 11.0 for desktop,24.0,,,T,F,F,T,desktop,Trident/7.0
77014,3226041,-45.0,136475.0,,,3.0,-32.0,,,,,100.0,NotFound,49.0,,New,NotFound,225.0,15.0,417.0,507.0,,,,,,,,New,NotFound,,chrome 60.0 for android,,,,F,F,T,F,mobile,CAM-L03 Build/HUAWEICAM-L03
70411,3188911,0.0,159185.0,0.0,0.0,0.0,0.0,,,0.0,0.0,100.0,NotFound,,-300.0,Found,Found,166.0,,529.0,549.0,,,,,,,,Found,Found,Android 6.0.1,chrome 63.0 for android,32.0,1280x720,match_status:2,T,F,T,T,mobile,SM-G550T1 Build/MMB29K
17263,3039103,-15.0,,,,,,,,,,,NotFound,14.0,,,,,,,,,,,,,,,,,,,,,,,,,,,
89192,3287892,-5.0,265884.0,0.0,0.0,0.0,0.0,,,0.0,0.0,100.0,NotFound,33.0,,Found,Found,225.0,,271.0,507.0,,,,,,,,Found,Found,,chrome 64.0 for android,,,,F,F,T,F,mobile,SM-A520F Build/NRD90M
91962,3304055,-35.0,420575.0,,,0.0,-6.0,,,,,100.0,NotFound,33.0,,Unknown,,225.0,15.0,290.0,401.0,,,,,,,,New,NotFound,,mobile safari generic,,,,F,F,F,F,mobile,
70055,3186790,0.0,223071.0,0.0,0.0,0.0,0.0,,,0.0,0.0,100.0,NotFound,,-300.0,Found,Found,166.0,13.0,100.0,501.0,,,,,,,,Found,Found,Mac OS X 10_12_6,safari generic,24.0,1280x800,match_status:2,T,F,T,T,desktop,MacOS
62242,3140760,-5.0,26714.0,0.0,0.0,0.0,0.0,,,0.0,0.0,100.0,Found,52.0,-300.0,Found,Found,166.0,,136.0,280.0,,,,,,,,Found,Found,Windows 10,edge 16.0,24.0,,match_status:2,T,F,T,T,desktop,Windows
61774,3138725,0.0,197248.0,,,0.0,0.0,,,,,100.0,NotFound,,,New,NotFound,225.0,,153.0,563.0,,,,,,,,New,NotFound,,android webview 4.0,,,,F,F,T,T,mobile,A9
78114,3232318,-5.0,41181.0,0.0,0.0,0.0,-6.0,,,0.0,0.0,100.0,NotFound,52.0,-300.0,Found,Found,166.0,,100.0,368.0,,,,,,,,Found,Found,Windows 10,chrome 63.0,24.0,1920x1080,match_status:2,T,F,T,T,desktop,Windows
19552,3044231,-5.0,47300.0,,,0.0,0.0,,,,,100.0,NotFound,49.0,-300.0,New,NotFound,166.0,,548.0,278.0,,,,,,,,New,NotFound,iOS 11.1.2,mobile safari 11.0,32.0,1334x750,match_status:1,T,F,F,T,mobile,iOS Device
55492,3112380,-5.0,119357.0,,,0.0,0.0,,,,,100.0,NotFound,49.0,-300.0,New,NotFound,166.0,,215.0,597.0,,,,,,,,New,NotFound,iOS 11.1.2,mobile safari 11.0,32.0,2208x1242,match_status:1,T,F,F,T,mobile,iOS Device
115574,3432950,-5.0,175162.0,,,3.0,-6.0,,,,,100.0,NotFound,64.0,-300.0,New,NotFound,166.0,15.0,352.0,533.0,,,,,,,,New,NotFound,iOS 11.2.2,mobile safari generic,32.0,1334x750,match_status:1,T,F,F,F,mobile,iOS Device
59894,3128798,-5.0,25379.0,,,0.0,0.0,,,,,100.0,NotFound,52.0,-300.0,New,NotFound,166.0,,100.0,533.0,,,,,,,,New,NotFound,Windows 7,firefox 57.0,24.0,1366x768,match_status:2,T,F,T,T,desktop,Windows
135514,3535934,-5.0,268985.0,0.0,0.0,0.0,0.0,,,0.0,0.0,100.0,NotFound,64.0,,Found,Found,218.0,,431.0,634.0,,,,,,,,Found,Found,,chrome 65.0 for android,,,,F,F,T,F,mobile,LGLS676 Build/MXB48T
90264,3293646,-20.0,374699.0,,,0.0,0.0,,,,,100.0,NotFound,33.0,,Unknown,,225.0,,254.0,507.0,,,,,,,,New,NotFound,,mobile safari generic,,,,F,F,F,F,mobile,
43519,3090635,-5.0,96271.0,0.0,0.0,0.0,-11.0,,,0.0,0.0,100.0,NotFound,52.0,-300.0,Found,Found,166.0,,100.0,533.0,,,,,,,,Found,Found,Windows 7,chrome 63.0,24.0,1440x900,match_status:2,T,F,T,T,desktop,Windows
48349,3098477,-5.0,154744.0,,,,,,,,,100.0,NotFound,49.0,-300.0,New,NotFound,166.0,,582.0,600.0,,,,,,,,New,NotFound,Android 7.0,chrome 63.0 for android,32.0,1920x1080,match_status:2,T,F,T,F,mobile,SAMSUNG-SM-G930A Build/NRD90M
86078,3271040,-5.0,56203.0,0.0,0.0,0.0,0.0,,,0.0,0.0,100.0,Found,33.0,-480.0,Found,Found,166.0,,215.0,222.0,,,,,,,,Found,Found,Mac OS X 10_12_6,safari generic,24.0,2880x1800,match_status:2,T,F,F,T,desktop,MacOS
11949,3026308,0.0,99448.0,0.0,0.0,-1.0,-26.0,,,0.0,0.0,100.0,NotFound,20.0,,Found,Found,225.0,15.0,266.0,563.0,,,,,,,,Found,Found,,chrome 55.0 for android,,,,F,F,T,T,mobile,HTC Desire 626s Build/LMY47O
84182,3262112,-5.0,11552.0,0.0,0.0,6.0,0.0,,,0.0,0.0,100.0,Found,24.0,-300.0,Found,Found,166.0,15.0,390.0,549.0,,,,,,,,Found,Found,iOS 11.2.5,mobile safari generic,32.0,2208x1242,match_status:1,T,F,T,T,mobile,iOS Device
103168,3371593,-10.0,61252.0,0.0,0.0,0.0,0.0,,,0.0,0.0,100.0,NotFound,52.0,,Found,Found,225.0,,266.0,325.0,,,,,,,,Found,Found,,chrome generic,,,,F,F,T,F,desktop,Windows
143481,3573363,0.0,74343.0,,,2.0,0.0,,,,,100.0,NotFound,,-360.0,New,NotFound,166.0,,625.0,611.0,,,,,,,,New,NotFound,iOS 11.2.6,mobile safari 11.0,32.0,2436x1125,match_status:1,T,F,T,T,mobile,iOS Device
60852,3134198,0.0,135992.0,,,0.0,0.0,,,,,100.0,NotFound,,-480.0,New,NotFound,166.0,,621.0,222.0,,,,,,,,New,NotFound,iOS 11.2.1,mobile safari 11.0,32.0,2048x1536,match_status:1,T,F,T,T,mobile,iOS Device
121002,3462492,-5.0,225009.0,,,-5.0,-12.0,,,,,100.0,NotFound,64.0,,New,NotFound,225.0,,567.0,315.0,,,,,,,,New,NotFound,,chrome 57.0 for android,,,,F,F,T,F,mobile,E2306 Build/26.3.A.1.33
91663,3302799,-5.0,531952.0,0.0,0.0,0.0,0.0,,,0.0,0.0,100.0,NotFound,33.0,,Found,Found,225.0,,266.0,305.0,,,,,,,,Found,Found,,chrome 55.0 for android,,,,F,F,T,F,mobile,HTC Desire 626s Build/LMY47O
45716,3094306,-5.0,103693.0,0.0,0.0,0.0,0.0,,,0.0,0.0,100.0,NotFound,52.0,-300.0,Found,Found,166.0,,100.0,500.0,,,,,,,,Found,Found,Windows 10,chrome 63.0,24.0,1366x768,match_status:2,T,F,T,F,desktop,Windows
66740,3166602,-5.0,83638.0,,,0.0,0.0,,,,,100.0,Found,49.0,-300.0,New,NotFound,166.0,,215.0,533.0,,,,,,,,New,NotFound,iOS 11.2.2,mobile safari 11.0,32.0,2436x1125,match_status:1,T,F,F,F,mobile,iOS Device
110971,3405699,-45.0,264683.0,0.0,0.0,0.0,-13.0,,,0.0,0.0,100.0,NotFound,64.0,,Found,Found,225.0,,290.0,638.0,,,,,,,,Found,Found,,chrome 65.0 for android,,,,F,F,T,F,mobile,MYA-L13 Build/HUAWEIMYA-L13
3314,3001242,-5.0,49864.0,0.0,0.0,8.0,-9.0,,,0.0,0.0,100.0,Found,52.0,-300.0,Found,Found,166.0,12.0,410.0,333.0,,,,,,,,Found,Found,Windows 7,chrome 61.0,24.0,1920x1080,match_status:2,T,F,T,F,desktop,Windows
75200,3215416,0.0,5758.0,0.0,0.0,23.0,0.0,,,0.0,0.0,100.0,Found,,-300.0,Found,Found,166.0,13.0,139.0,597.0,,,,,,,,Found,Found,Windows 7,ie 11.0 for desktop,24.0,1600x900,match_status:2,T,T,T,T,desktop,Trident/7.0
32750,3071099,-5.0,40348.0,,,0.0,0.0,,,,,100.0,NotFound,52.0,-300.0,New,NotFound,166.0,13.0,410.0,600.0,,,,,,,,New,NotFound,Windows 7,chrome 63.0,24.0,1280x1024,match_status:2,T,F,T,F,desktop,Windows
39119,3082577,-5.0,84657.0,0.0,0.0,2.0,-5.0,,,0.0,0.0,100.0,NotFound,52.0,,Found,Found,166.0,13.0,216.0,214.0,,,,,,,,Found,Found,,ie 11.0 for desktop,,,,F,F,T,T,desktop,rv:11.0
65563,3159594,-5.0,575027.0,0.0,0.0,0.0,0.0,,,0.0,0.0,100.0,NotFound,52.0,-300.0,Found,Found,166.0,,215.0,484.0,,,,,,,,Found,Found,Windows 10,edge 16.0,24.0,1920x1080,match_status:2,T,F,T,T,desktop,Windows
24377,3054755,0.0,90058.0,,,36.0,-100.0,,,,,100.0,NotFound,,-300.0,New,NotFound,166.0,15.0,570.0,600.0,,,,,,,,New,NotFound,Windows 7,ie 11.0 for desktop,24.0,1920x1200,match_status:2,T,T,T,T,desktop,Trident/7.0
90340,3294327,0.0,27323.0,0.0,0.0,0.0,0.0,,,0.0,0.0,100.0,NotFound,,-300.0,Found,Found,166.0,,533.0,533.0,,,,,,,,Found,Found,Android 7.0,samsung browser generic,32.0,,match_status:2,T,F,T,T,mobile,SAMSUNG SM-G955U Build/NRD90M
54501,3109443,-20.0,311200.0,,,0.0,-1.0,,,,,100.0,NotFound,49.0,,Unknown,,225.0,,254.0,507.0,,,,,,,,New,NotFound,,mobile safari 11.0,,,,F,F,F,T,mobile,
11408,3024906,-10.0,113921.0,0.0,0.0,0.0,0.0,,,0.0,0.0,100.0,Found,52.0,-360.0,Found,Found,166.0,,139.0,256.0,,,,,,,,Found,Found,Windows 7,chrome 63.0,24.0,1366x768,match_status:2,T,F,T,F,desktop,Windows
15664,3035210,-5.0,146170.0,0.0,0.0,0.0,0.0,,,0.0,0.0,100.0,NotFound,49.0,-300.0,Found,Found,166.0,18.0,529.0,161.0,,,,,,,,Found,Found,iOS 11.1.2,mobile safari 11.0,32.0,1334x750,match_status:1,T,F,T,F,mobile,iOS Device
41673,3087391,-5.0,88740.0,0.0,0.0,0.0,0.0,,,0.0,0.0,100.0,Found,49.0,-360.0,Found,Found,166.0,,633.0,521.0,,,,,,,,Found,Found,iOS 11.1.2,mobile safari 11.0,32.0,2048x1536,match_status:1,T,F,F,T,mobile,iOS Device
36545,3077997,-5.0,222042.0,,,0.0,0.0,,,,,100.0,NotFound,49.0,-480.0,New,NotFound,166.0,,529.0,222.0,,,,,,,,New,NotFound,Mac OS X 10_10_5,safari generic,24.0,1440x900,match_status:2,T,F,F,F,desktop,MacOS
138944,3549341,-10.0,3911.0,0.0,0.0,,,,,0.0,0.0,100.0,Found,52.0,-300.0,Found,Found,,,,,,,,,,,,Found,Found,Windows 10,,24.0,1366x768,match_status:2,T,F,T,F,desktop,Windows
3022,3000061,0.0,123701.0,,,0.0,0.0,,,0.0,0.0,98.0999984741211,NotFound,,-300.0,New,NotFound,166.0,13.0,390.0,549.0,,,,,,,,Found,Found,Android,chrome 61.0,24.0,1366x768,match_status:2,T,F,T,T,mobile,
65444,3158867,-5.0,74024.0,0.0,0.0,7.0,-4.0,,,0.0,0.0,100.0,NotFound,52.0,-300.0,Found,Found,166.0,13.0,418.0,161.0,,,,,,,,Found,Found,Windows 7,chrome 63.0,24.0,1920x1080,match_status:2,T,F,T,F,desktop,Windows
7475,3014532,-5.0,263333.0,0.0,0.0,12.0,0.0,,,0.0,0.0,100.0,Found,49.0,-420.0,Found,Found,166.0,15.0,321.0,266.0,,,,,,,,Found,Found,iOS 11.1.2,mobile safari 11.0,32.0,1334x750,match_status:1,T,F,F,F,mobile,iOS Device
79834,3242375,-15.0,196790.0,0.0,0.0,0.0,0.0,,,0.0,0.0,100.0,NotFound,49.0,,Found,Found,225.0,,266.0,563.0,,,,,,,,Found,Found,,chrome 63.0,,,,F,F,T,F,desktop,
1226,2993101,0.0,107008.0,0.0,0.0,0.0,0.0,,,0.0,0.0,100.0,NotFound,20.0,,Found,Found,225.0,,254.0,507.0,,,,,,,,Found,Found,,chrome 62.0 for android,,,,F,F,T,T,mobile,SM-G950F Build/NRD90M
14113,3031443,-10.0,207543.0,0.0,0.0,0.0,-2.0,,,0.0,0.0,100.0,NotFound,52.0,,Found,Found,225.0,15.0,290.0,401.0,,,,,,,,Found,Found,,firefox 57.0,,,,F,F,T,T,desktop,Windows
40495,3085183,-5.0,113171.0,,,0.0,0.0,,,,,100.0,NotFound,49.0,-300.0,New,NotFound,166.0,,312.0,600.0,,,,,,,,New,NotFound,iOS 11.1.2,mobile safari 11.0,32.0,1334x750,match_status:1,T,F,F,T,mobile,iOS Device
98406,3347691,-5.0,279643.0,,,0.0,0.0,,,0.0,0.0,97.12000274658205,NotFound,52.0,-300.0,New,NotFound,102.0,15.0,410.0,360.0,,,,,,,,Found,Found,Windows 8.1,chrome generic,24.0,1366x768,match_status:2,T,F,T,F,desktop,Windows
209,2987710,-5.0,184829.0,0.0,0.0,3.0,0.0,,,0.0,0.0,100.0,NotFound,52.0,,Found,Found,225.0,,254.0,507.0,,,,,,,,Found,Found,,firefox 57.0,,,,F,F,T,T,desktop,
96991,3339400,-20.0,111985.0,,,,,,,,,100.0,NotFound,33.0,,Unknown,,225.0,,266.0,507.0,,,,,,,,New,NotFound,,mobile safari generic,,,,F,F,F,F,mobile,
68126,3175691,-15.0,,,,,,,,,,,NotFound,14.0,,,,,,,,,,,,,,,,,,,,,,,,,,,
46144,3094966,0.0,21406.0,0.0,0.0,0.0,0.0,,,0.0,0.0,100.0,NotFound,,-300.0,Found,Found,166.0,,621.0,600.0,,,,,,,,Found,Found,Android 7.0,chrome 63.0 for android,32.0,,match_status:2,T,F,T,T,mobile,SM-N920T Build/NRD90M
16687,3037544,-25.0,110132.0,,,7.0,-31.0,25.0,-45.0,,,100.0,NotFound,49.0,-360.0,New,NotFound,166.0,12.0,317.0,333.0,252.0,14.0,IP_PROXY:TRANSPARENT,15.0,321.0,119.0,Found,New,NotFound,iOS 11.2.0,mobile safari 11.0,32.0,2224x1668,match_status:1,T,F,T,F,mobile,iOS Device
116577,3438614,-5.0,351790.0,0.0,0.0,0.0,0.0,,,0.0,0.0,100.0,Found,64.0,-300.0,Found,Found,166.0,,277.0,600.0,,,,,,,,Found,Found,Mac OS X 10_13_4,safari generic,24.0,2560x1600,match_status:2,T,F,F,F,desktop,MacOS
118046,3446276,-5.0,234342.0,0.0,0.0,0.0,0.0,,,0.0,0.0,100.0,NotFound,64.0,,Found,Found,225.0,,266.0,566.0,,,,,,,,Found,Found,,chrome generic,,,,F,F,T,F,desktop,SAMSUNG SM-G900M Build/LRX21T
40619,3085407,0.0,147104.0,0.0,0.0,0.0,0.0,,,0.0,0.0,100.0,Found,,-360.0,Found,Found,166.0,,529.0,253.0,,,,,,,,Found,Found,Mac OS X 10_13_2,safari generic,24.0,5120x2880,match_status:2,T,F,T,T,desktop,MacOS
43583,3090745,-5.0,59643.0,0.0,0.0,0.0,0.0,,,0.0,0.0,100.0,NotFound,52.0,-420.0,Found,Found,166.0,,277.0,472.0,,,,,,,,Found,Found,Windows 10,firefox 57.0,24.0,1366x768,match_status:2,T,F,T,T,desktop,Windows
111179,3406759,-10.0,225330.0,0.0,0.0,0.0,0.0,,,0.0,0.0,100.0,NotFound,64.0,,Found,Found,225.0,,266.0,315.0,,,,,,,,Found,Found,,chrome 65.0 for android,,,,F,F,T,F,mobile,Hisense L675 Build/MRA58K
64200,3150600,-15.0,245706.0,,,3.0,0.0,,,,,100.0,NotFound,35.0,,New,NotFound,225.0,,427.0,325.0,,,,,,,,New,NotFound,,chrome 63.0 for android,,,,F,F,T,T,mobile,SM-J500M Build/LMY48B
37451,3079747,0.0,31687.0,,,0.0,0.0,,,,,100.0,NotFound,,-360.0,New,NotFound,166.0,,307.0,404.0,,,,,,,,New,NotFound,Mac OS X 10_13_1,chrome 63.0,24.0,2880x1800,match_status:2,T,F,T,T,desktop,MacOS
123418,3476859,-45.0,558019.0,,,0.0,-9.0,,,,,100.0,NotFound,64.0,,New,NotFound,225.0,13.0,176.0,127.0,,,,,,,,New,NotFound,,chrome generic for android,,,,F,F,T,F,mobile,CAM-L03 Build/HUAWEICAM-L03
39240,3082795,0.0,204525.0,,,-3.0,-100.0,,,,,100.0,NotFound,,,New,NotFound,225.0,15.0,417.0,507.0,,,,,,,,New,NotFound,,chrome 63.0 for android,,,,F,F,T,T,mobile,G3223 Build/42.0.A.4.101
53104,3105751,-5.0,118203.0,,,7.0,-10.0,,,,,100.0,NotFound,49.0,-300.0,New,NotFound,166.0,15.0,352.0,391.0,,,,,,,,New,NotFound,iOS 10.3.2,mobile safari 10.0,32.0,1334x750,match_status:1,T,F,F,F,mobile,iOS Device
23986,3053945,0.0,82598.0,0.0,0.0,0.0,0.0,,,0.0,0.0,100.0,NotFound,,-300.0,Found,Found,166.0,,529.0,161.0,,,,,,,,Found,Found,iOS 10.3.3,chrome 63.0 for ios,32.0,2048x1536,match_status:2,T,F,T,T,mobile,iOS Device
137071,3543489,-5.0,260255.0,,,-5.0,-11.0,,,,,100.0,NotFound,27.0,,New,NotFound,225.0,15.0,567.0,507.0,,,,,,,,New,NotFound,,chrome 66.0 for android,,,,F,F,T,F,mobile,SM-A510M Build/MMB29K
12933,3028514,-15.0,,,,,,,,,,,NotFound,14.0,,,,,,,,,,,,,,,,,,,,,,,,,,,
19122,3043453,-25.0,305425.0,,,0.0,0.0,,,,,100.0,NotFound,63.0,,Unknown,,225.0,,266.0,325.0,,,,,,,,New,NotFound,,chrome 61.0,,,,F,F,F,T,desktop,Windows
13384,3029619,-5.0,114924.0,,,0.0,0.0,,,,,100.0,NotFound,52.0,-300.0,New,NotFound,166.0,,216.0,181.0,,,,,,,,New,NotFound,Windows 7,firefox 57.0,24.0,1920x1080,match_status:2,T,F,T,T,desktop,Windows
60223,3130307,-25.0,205574.0,,,16.0,-11.0,,,,,100.0,NotFound,49.0,,Unknown,,225.0,,345.0,507.0,,,,,,,,New,NotFound,,mobile safari 10.0,,,,F,F,F,T,mobile,
138763,3548549,-10.0,536.0,0.0,0.0,0.0,0.0,,,0.0,0.0,100.0,Found,52.0,-300.0,Found,Found,166.0,,633.0,533.0,,,,,,,,Found,Found,Windows 10,edge 16.0,24.0,1366x768,match_status:2,T,F,T,F,desktop,Windows
39315,3082931,-5.0,47576.0,0.0,0.0,1.0,0.0,,,0.0,0.0,100.0,Found,52.0,-480.0,Found,Found,166.0,,529.0,222.0,,,,,,,,Found,Found,Windows 7,chrome 63.0,24.0,1600x900,match_status:2,T,F,T,F,desktop,Windows
61576,3137897,0.0,267951.0,,,0.0,0.0,,,,,100.0,NotFound,,,Found,NotFound,225.0,,427.0,563.0,,,,,,,,Found,NotFound,,chrome 63.0 for android,,,,F,F,T,T,mobile,SM-A500M Build/LRX22G
8451,3017209,0.0,393275.0,,,0.0,0.0,,,,,100.0,NotFound,20.0,,New,NotFound,225.0,,266.0,507.0,,,,,,,,New,NotFound,,chrome 63.0,,,,F,F,T,T,desktop,
26513,3059156,-5.0,96808.0,,,0.0,0.0,,,,,100.0,NotFound,52.0,,New,NotFound,225.0,,266.0,507.0,,,,,,,,New,NotFound,,chrome 63.0,,,,F,F,T,T,desktop,Windows
58486,3122714,-15.0,,,,,,,,,,,NotFound,14.0,,,,,,,,,,,,,,,,,,,,,,,,,,,
77046,3226130,-20.0,107385.0,,,4.0,-29.0,,,,,100.0,NotFound,49.0,,Unknown,,225.0,15.0,266.0,563.0,,,,,,,,New,NotFound,,mobile safari generic,,,,F,F,F,F,mobile,
59292,3126075,-5.0,155445.0,0.0,0.0,0.0,0.0,,,0.0,0.0,100.0,NotFound,52.0,-480.0,Found,Found,166.0,,312.0,222.0,,,,,,,,Found,Found,Windows 7,chrome 63.0,24.0,1280x800,match_status:2,T,F,T,F,desktop,Windows
53239,3106146,-15.0,71713.0,0.0,0.0,0.0,0.0,,,0.0,0.0,100.0,NotFound,52.0,,Found,Found,225.0,,266.0,507.0,,,,,,,,Found,Found,,chrome 63.0,,,,F,F,T,T,desktop,Windows
51204,3102132,-10.0,41205.0,0.0,0.0,-1.0,-29.0,11.0,-35.0,0.0,0.0,100.0,Found,11.0,-480.0,Found,Found,166.0,13.0,317.0,222.0,252.0,14.0,IP_PROXY:TRANSPARENT,15.0,442.0,161.0,Found,Found,Found,iOS 11.1.2,mobile safari 11.0,32.0,2208x1242,match_status:1,T,F,T,T,mobile,iOS Device
34009,3073506,-15.0,132327.0,,,,,14.0,-19.0,0.0,-11.0,96.66999816894533,NotFound,52.0,,New,NotFound,,,,,440.0,41.0,IP_PROXY:ANONYMOUS,,511.0,150.0,Found,Found,Found,,chrome 63.0,,,,F,F,T,T,desktop,Windows
103160,3371555,-25.0,155406.0,,,0.0,-7.0,,,,,100.0,NotFound,33.0,,Unknown,,225.0,,176.0,507.0,,,,,,,,New,NotFound,,mobile safari generic,,,,F,F,F,F,mobile,
49978,3100471,-5.0,84293.0,,,2.0,0.0,,,,,100.0,NotFound,49.0,-300.0,New,NotFound,166.0,,312.0,597.0,,,,,,,,New,NotFound,iOS 11.2.1,mobile safari 11.0,32.0,1334x750,match_status:1,T,F,F,F,mobile,iOS Device
117398,3442835,-5.0,52414.0,0.0,0.0,0.0,0.0,,,0.0,0.0,100.0,Found,64.0,-360.0,Found,Found,166.0,,372.0,215.0,,,,,,,,Found,Found,Mac OS X 10.13,firefox 59.0,24.0,1920x1080,match_status:2,T,F,T,F,desktop,rv:59.0
83911,3260955,-5.0,107132.0,0.0,0.0,3.0,0.0,,,0.0,0.0,100.0,Found,33.0,-480.0,Found,Found,166.0,15.0,352.0,222.0,,,,,,,,Found,Found,Android 5.1.1,chrome 50.0 for android,32.0,855x480,match_status:2,T,F,T,F,mobile,VS425PP Build/LMY47V
47905,3097748,-5.0,94226.0,,,0.0,0.0,,,,,100.0,NotFound,52.0,-300.0,New,NotFound,166.0,,339.0,533.0,,,,,,,,New,NotFound,Windows 10,edge 16.0,24.0,1920x1080,match_status:2,T,F,T,T,desktop,Windows
23231,3052502,0.0,132568.0,0.0,0.0,2.0,-33.0,,,0.0,0.0,100.0,NotFound,20.0,,Found,Found,225.0,15.0,417.0,507.0,,,,,,,,Found,Found,,chrome 62.0 for android,,,,F,F,T,T,mobile,SM-J510MN Build/MMB29M
7626,3014999,-20.0,344498.0,,,0.0,-16.0,,,,,100.0,NotFound,49.0,,Unknown,,225.0,,254.0,507.0,,,,,,,,New,NotFound,,safari generic,,,,F,F,F,T,desktop,
22348,3050546,-5.0,91107.0,,,8.0,-32.0,11.0,-36.0,,,100.0,NotFound,55.0,-300.0,New,NotFound,166.0,12.0,122.0,549.0,252.0,14.0,IP_PROXY:TRANSPARENT,11.0,321.0,184.0,Found,New,NotFound,Android 7.0,chrome 63.0 for android,32.0,1920x1080,match_status:2,T,F,T,T,mobile,SAMSUNG-SM-G935A Build/NRD90M
112040,3412476,-5.0,9381.0,0.0,0.0,0.0,0.0,,,0.0,0.0,100.0,Found,52.0,-300.0,Found,Found,166.0,,100.0,500.0,,,,,,,,Found,Found,Windows 10,edge 16.0,24.0,1366x767,match_status:2,T,F,T,T,desktop,Windows
100458,3357977,-35.0,167150.0,,,11.0,0.0,,,,,100.0,NotFound,33.0,,Unknown,,218.0,15.0,410.0,634.0,,,,,,,,New,NotFound,,mobile safari generic,,,,F,F,F,F,mobile,
71439,3195134,0.0,5160.0,,,0.0,0.0,,,,,100.0,NotFound,,-300.0,New,NotFound,166.0,,452.0,256.0,,,,,,,,New,NotFound,Mac OS X 10_9_5,safari generic,24.0,1680x1050,match_status:2,T,T,T,T,desktop,MacOS
138182,3547133,-5.0,278296.0,0.0,0.0,-4.0,-30.0,,,0.0,0.0,100.0,NotFound,27.0,,Found,Found,225.0,17.0,266.0,563.0,,,,,,,,Found,Found,,chrome 51.0 for android,,,,F,F,T,F,mobile,LG-X180g Build/LMY47I
84350,3263089,-5.0,38636.0,0.0,0.0,0.0,0.0,,,0.0,0.0,100.0,Found,33.0,-300.0,Found,Found,166.0,15.0,215.0,489.0,,,,,,,,Found,Found,Mac OS X 10_10_5,safari generic,24.0,1280x800,match_status:2,T,F,T,F,desktop,MacOS
81721,3251365,-5.0,119663.0,1.0,0.0,0.0,-12.0,,,1.0,0.0,100.0,NotFound,52.0,-360.0,Found,Found,166.0,13.0,410.0,333.0,,,,,,,,Found,Found,Windows 10,chrome 61.0,16.0,1600x1200,match_status:2,T,F,T,T,desktop,Windows
86885,3275367,-10.0,276263.0,,,3.0,0.0,,,,,100.0,NotFound,33.0,,New,NotFound,225.0,15.0,266.0,127.0,,,,,,,,New,NotFound,,mobile safari generic,,,,F,F,T,F,mobile,
8802,3018272,0.0,189067.0,,,2.0,-9.0,,,,,100.0,NotFound,,,New,NotFound,225.0,15.0,574.0,417.0,,,,,,,,New,NotFound,,chrome 62.0 for android,,,,F,F,T,T,mobile,LG-H650 Build/MRA58K
101433,3362052,-20.0,614652.0,,,0.0,0.0,,,0.0,0.0,95.08000183105467,NotFound,52.0,,New,NotFound,225.0,,254.0,507.0,,,,,,,,Found,Found,,edge 16.0,,,,F,F,T,F,desktop,Windows
86895,3275441,-5.0,214136.0,,,6.0,0.0,,,,,100.0,NotFound,52.0,,New,NotFound,225.0,,585.0,507.0,,,,,,,,New,NotFound,,chrome 64.0,,,,F,F,T,F,desktop,
11700,3025621,-5.0,34018.0,,,0.0,0.0,,,,,100.0,NotFound,49.0,-300.0,New,NotFound,166.0,,397.0,484.0,,,,,,,,New,NotFound,iOS 11.0.3,mobile safari 11.0,32.0,2048x1536,match_status:1,T,F,F,T,mobile,iOS Device
36343,3077632,-15.0,126701.0,0.0,0.0,,,18.0,-41.0,-5.0,-19.0,100.0,NotFound,52.0,-300.0,Found,Found,,,,,277.0,14.0,IP_PROXY:ANONYMOUS,15.0,371.0,190.0,Found,Found,Found,Windows 7,ie 11.0 for desktop,24.0,1920x1080,match_status:2,T,F,T,T,desktop,Trident/7.0
6770,3012569,-5.0,67840.0,0.0,0.0,2.0,0.0,,,0.0,0.0,100.0,NotFound,52.0,-300.0,Found,Found,166.0,,339.0,533.0,,,,,,,,Found,Found,Windows 7,chrome 62.0,24.0,1280x1024,match_status:2,T,F,T,T,desktop,Windows
101988,3364972,-5.0,164813.0,,,0.0,0.0,,,,,100.0,NotFound,33.0,-300.0,New,NotFound,166.0,,633.0,533.0,,,,,,,,New,NotFound,iOS 11.0.3,mobile safari generic,32.0,2048x1536,match_status:1,T,F,F,F,mobile,iOS Device
105680,3382885,-95.0,361862.0,,,-8.0,-28.0,,,,,100.0,NotFound,19.0,,New,NotFound,225.0,15.0,567.0,507.0,,,,,,,,New,NotFound,,mobile safari generic,,,,F,F,T,F,mobile,
42112,3088122,-5.0,72266.0,,,0.0,0.0,,,0.0,0.0,94.87000274658205,NotFound,49.0,-480.0,New,NotFound,166.0,,312.0,222.0,,,,,,,,Found,Found,Mac OS X 10_13_2,safari generic,24.0,1920x1200,match_status:2,T,F,F,T,desktop,MacOS
61173,3135656,-5.0,130695.0,,,4.0,0.0,,,,,100.0,NotFound,49.0,-360.0,New,NotFound,166.0,,312.0,333.0,,,,,,,,New,NotFound,iOS 10.1.1,mobile safari 10.0,32.0,2048x1536,match_status:1,T,F,F,T,mobile,iOS Device
60502,3131753,-5.0,116588.0,0.0,0.0,0.0,0.0,,,0.0,0.0,100.0,NotFound,52.0,-300.0,Found,Found,166.0,,529.0,161.0,,,,,,,,Found,Found,Windows 7,ie 11.0 for desktop,24.0,1920x1080,match_status:2,T,F,T,T,desktop,Trident/7.0
8199,3016458,-5.0,15758.0,,,0.0,0.0,,,,,100.0,NotFound,52.0,-300.0,New,NotFound,166.0,,542.0,533.0,,,,,,,,New,NotFound,Windows 10,firefox 57.0,24.0,1152x864,match_status:2,T,F,T,T,desktop,Windows
27556,3061176,-5.0,131551.0,,,,,,,,,100.0,NotFound,52.0,-480.0,New,NotFound,166.0,,529.0,222.0,,,,,,,,New,NotFound,Windows 10,chrome 63.0,24.0,1280x1024,match_status:2,T,F,T,F,desktop,Windows
94391,3323144,-5.0,208255.0,0.0,0.0,0.0,0.0,,,0.0,0.0,100.0,NotFound,33.0,,Found,Found,225.0,,427.0,507.0,,,,,,,,Found,Found,,firefox 58.0,,,,F,F,T,F,desktop,rv:58.0
88824,3285707,-45.0,36292.0,0.0,0.0,6.0,-11.0,,,0.0,0.0,100.0,Found,52.0,-300.0,Found,Found,166.0,13.0,193.0,391.0,,,,,,,,Found,Found,Windows 10,chrome 64.0,24.0,,match_status:2,T,F,T,T,desktop,Windows
2622,2998642,-5.0,25228.0,0.0,0.0,0.0,-1.0,,,0.0,0.0,100.0,NotFound,52.0,-480.0,Found,Found,166.0,,312.0,222.0,,,,,,,,Found,Found,Windows 10,firefox 57.0,24.0,1600x900,match_status:2,T,F,T,T,desktop,Windows
89780,3291103,-5.0,60435.0,,,0.0,0.0,,,,,100.0,NotFound,33.0,-300.0,New,NotFound,166.0,15.0,100.0,489.0,,,,,,,,New,NotFound,iOS 11.2.6,mobile safari generic,32.0,2436x1125,match_status:1,T,F,F,T,mobile,iOS Device
62088,3140085,-5.0,96193.0,,,0.0,0.0,,,,,100.0,NotFound,25.0,,New,NotFound,225.0,,290.0,401.0,,,,,,,,New,NotFound,,chrome 63.0 for android,,,,F,F,T,T,mobile,SM-G950F Build/NRD90M
88767,3285470,-5.0,71884.0,0.0,0.0,0.0,0.0,,,0.0,0.0,100.0,NotFound,52.0,-300.0,Found,Found,225.0,,484.0,507.0,,,,,,,,Found,Found,,ie 11.0 for desktop,,,,F,T,T,F,desktop,Trident/7.0
143963,3576072,0.0,1595.0,0.0,0.0,17.0,0.0,,,0.0,0.0,100.0,Found,,-300.0,Found,Found,166.0,15.0,352.0,521.0,,,,,,,,Found,Found,Android,chrome 63.0,32.0,855x480,match_status:2,T,F,T,T,mobile,
116544,3438404,-5.0,364730.0,0.0,0.0,0.0,-100.0,,,0.0,0.0,100.0,NotFound,64.0,,Found,Found,225.0,,410.0,507.0,,,,,,,,Found,Found,,chrome 65.0 for android,,,,F,F,T,F,mobile,SM-G570M Build/MMB29K
32184,3070114,-5.0,200992.0,,,15.0,-28.0,,,,,100.0,NotFound,49.0,-360.0,New,NotFound,166.0,13.0,321.0,277.0,,,,,,,,New,NotFound,iOS 11.2.1,mobile safari 11.0,32.0,1334x750,match_status:1,T,F,F,T,mobile,iOS Device
32816,3071216,-5.0,106332.0,,,0.0,-26.0,,,-1.0,-24.0,96.5500030517578,NotFound,52.0,-360.0,New,NotFound,166.0,13.0,410.0,521.0,,,,,,,,Found,Found,Windows 7,ie 11.0 for desktop,24.0,1280x1024,match_status:2,T,F,T,T,desktop,Trident/7.0
111046,3406072,-10.0,181910.0,,,0.0,0.0,,,,,100.0,NotFound,52.0,,New,NotFound,225.0,15.0,176.0,315.0,,,,,,,,New,NotFound,,chrome 65.0,,,,F,F,T,F,desktop,Windows
57393,3118835,-5.0,400746.0,0.0,0.0,0.0,0.0,,,0.0,0.0,100.0,NotFound,52.0,,Found,Found,225.0,,153.0,325.0,,,,,,,,Found,Found,,chrome 63.0,,,,F,F,T,T,desktop,Windows
63008,3144536,0.0,219696.0,,,10.0,-11.0,,,,,100.0,NotFound,,,New,NotFound,225.0,15.0,417.0,507.0,,,,,,,,New,NotFound,,chrome 63.0 for android,,,,F,F,T,T,mobile,SM-J710MN Build/MMB29K
38474,3081441,0.0,148398.0,,,11.0,-34.0,,,,,100.0,NotFound,,-300.0,New,NotFound,166.0,13.0,122.0,549.0,,,,,,,,New,NotFound,iOS 10.3.3,mobile safari generic,32.0,1136x640,match_status:2,T,F,T,T,mobile,iOS Device
137245,3544172,-5.0,44027.0,0.0,0.0,0.0,0.0,,,0.0,0.0,100.0,NotFound,52.0,-300.0,Found,Found,166.0,,390.0,107.0,,,,,,,,Found,Found,Windows 10,chrome 65.0,24.0,1440x900,match_status:2,T,F,T,T,desktop,Windows
126023,3492497,-5.0,400070.0,0.0,0.0,0.0,0.0,,,0.0,0.0,100.0,NotFound,52.0,,Found,Found,225.0,,153.0,325.0,,,,,,,,Found,Found,,chrome generic,,,,F,F,T,F,desktop,Windows
67377,3170296,0.0,110188.0,0.0,0.0,1.0,-1.0,,,0.0,0.0,100.0,Found,,-480.0,Found,Found,166.0,,399.0,222.0,,,,,,,,Found,Found,Mac OS X 10_12_6,chrome 63.0,24.0,1440x900,match_status:2,T,F,T,T,desktop,MacOS
83112,3258035,-5.0,165494.0,,,0.0,-6.0,,,,,100.0,NotFound,33.0,,New,NotFound,225.0,,176.0,507.0,,,,,,,,New,NotFound,,mobile safari generic,,,,F,F,T,F,mobile,
40287,3084760,-20.0,345496.0,,,-9.0,-36.0,,,0.0,0.0,96.72000122070312,NotFound,52.0,,New,NotFound,225.0,,176.0,507.0,,,,,,,,Found,Found,,chrome 63.0,,,,F,F,T,T,desktop,Windows
120477,3459488,-5.0,57156.0,,,0.0,0.0,,,,,100.0,NotFound,64.0,-480.0,New,NotFound,166.0,13.0,529.0,177.0,,,,,,,,New,NotFound,Mac OS X 10_13_4,safari generic,24.0,1440x900,match_status:2,T,F,F,F,desktop,MacOS
103941,3375666,-5.0,16902.0,0.0,0.0,2.0,-1.0,,,0.0,0.0,100.0,NotFound,52.0,-360.0,Found,Found,166.0,,410.0,404.0,,,,,,,,Found,Found,Windows 10,chrome 65.0,24.0,1920x1080,match_status:2,T,F,T,F,desktop,Windows
71643,3196428,-40.0,51994.0,0.0,0.0,7.0,-11.0,,,0.0,0.0,100.0,NotFound,18.0,-480.0,Found,Found,166.0,13.0,542.0,144.0,,,,,,,,Found,Found,Mac OS X 10_11_6,safari generic,24.0,1920x1080,match_status:2,T,F,T,T,desktop,MacOS
97338,3341389,-5.0,441078.0,,,2.0,0.0,,,4.0,0.0,96.66999816894533,NotFound,52.0,,New,NotFound,225.0,,153.0,563.0,,,,,,,,Found,Found,,chrome generic,,,,F,F,T,F,desktop,Windows
70388,3188800,0.0,71420.0,0.0,0.0,28.0,-15.0,,,0.0,0.0,100.0,Found,,-480.0,Found,Found,166.0,13.0,321.0,222.0,,,,,,,,Found,Found,iOS 11.0.0,mobile safari 11.0,32.0,1334x750,match_status:1,T,F,T,T,mobile,iOS Device
79506,3241036,0.0,39612.0,0.0,0.0,0.0,0.0,,,0.0,0.0,100.0,Found,,-480.0,Found,Found,166.0,,215.0,222.0,,,,,,,,Found,Found,Mac OS X 10_11_6,safari generic,24.0,2560x1600,match_status:2,T,T,T,T,desktop,MacOS
137397,3545037,-5.0,39025.0,0.0,0.0,0.0,0.0,,,0.0,0.0,100.0,NotFound,27.0,-300.0,Found,Found,166.0,,215.0,533.0,,,,,,,,Found,Found,Mac OS X 10_13_1,chrome 66.0,24.0,1280x800,match_status:2,T,F,T,F,desktop,MacOS
87831,3280836,-5.0,248198.0,0.0,0.0,0.0,0.0,,,0.0,0.0,100.0,NotFound,52.0,,Found,Found,225.0,,427.0,507.0,,,,,,,,Found,Found,,chrome 64.0,,,,F,F,T,F,desktop,Windows
124351,3481688,-5.0,131558.0,0.0,0.0,0.0,0.0,,,0.0,0.0,100.0,Found,64.0,-480.0,Found,Found,166.0,,548.0,222.0,,,,,,,,Found,Found,iOS 11.3.0,mobile safari generic,32.0,1334x750,match_status:1,T,F,F,F,mobile,iOS Device
129074,3510311,-10.0,388140.0,0.0,0.0,0.0,0.0,,,0.0,0.0,100.0,NotFound,64.0,,Found,Found,225.0,,290.0,127.0,,,,,,,,Found,Found,,chrome 66.0 for android,,,,F,F,T,F,mobile,SM-G960F Build/R16NW
88079,3281932,-5.0,31467.0,0.0,0.0,1.0,0.0,,,0.0,0.0,100.0,NotFound,52.0,-360.0,Found,Found,166.0,,529.0,214.0,,,,,,,,Found,Found,Windows 10,chrome 64.0,24.0,1366x768,match_status:2,T,F,T,F,desktop,Windows
127428,3500874,-5.0,162594.0,,,0.0,0.0,,,,,100.0,NotFound,64.0,-360.0,New,NotFound,166.0,,312.0,100.0,,,,,,,,New,NotFound,iOS 11.3.0,mobile safari generic,32.0,1136x640,match_status:1,T,F,F,F,mobile,iOS Device
141192,3560642,-45.0,126449.0,,,3.0,-29.0,18.0,-29.0,,,100.0,NotFound,27.0,-300.0,New,NotFound,166.0,18.0,317.0,597.0,252.0,14.0,IP_PROXY:TRANSPARENT,11.0,321.0,142.0,Found,New,NotFound,iOS 11.3.0,mobile safari 11.0,32.0,1334x750,match_status:1,T,F,F,F,mobile,iOS Device
79104,3238743,-20.0,724925.0,,,0.0,0.0,,,,,100.0,NotFound,49.0,,Unknown,,225.0,,266.0,305.0,,,,,,,,New,NotFound,,mobile safari generic,,,,F,F,F,F,mobile,
64235,3150797,-5.0,243868.0,,,0.0,0.0,,,,,100.0,NotFound,52.0,-300.0,Found,NotFound,166.0,18.0,100.0,489.0,,,,,,,,Found,NotFound,Windows 7,firefox 57.0,24.0,1366x768,match_status:2,T,F,T,F,desktop,Windows
90239,3293498,-10.0,148760.0,0.0,0.0,1.0,-1.0,,,0.0,0.0,100.0,NotFound,33.0,,Found,Found,225.0,15.0,176.0,507.0,,,,,,,,Found,Found,,chrome 63.0 for android,,,,F,F,T,F,mobile,SM-G532M Build/MMB29T
71466,3195337,-5.0,288754.0,,,0.0,0.0,,,,,100.0,NotFound,52.0,,New,NotFound,225.0,,266.0,315.0,,,,,,,,New,NotFound,,chrome 63.0,,,,F,F,T,F,desktop,Windows
57643,3119640,-15.0,255546.0,,,0.0,0.0,,,,,100.0,NotFound,20.0,-360.0,New,NotFound,225.0,,266.0,305.0,,,,,,,,New,NotFound,,chrome,,,,F,T,T,T,desktop,
51866,3103174,-5.0,61853.0,,,0.0,0.0,,,,,100.0,NotFound,52.0,,Found,NotFound,166.0,,529.0,600.0,,,,,,,,Found,NotFound,,chrome 63.0,,,,T,F,T,T,desktop,Windows
136321,3539857,-5.0,101658.0,0.0,0.0,0.0,0.0,,,0.0,0.0,100.0,NotFound,52.0,,Found,Found,225.0,,153.0,325.0,,,,,,,,Found,Found,,firefox 60.0,,,,F,F,T,F,desktop,rv:60.0
132892,3525695,-5.0,21714.0,,,0.0,0.0,,,,,100.0,NotFound,64.0,-300.0,New,NotFound,166.0,,529.0,549.0,,,,,,,,New,NotFound,iOS 11.3.0,mobile safari 11.0,32.0,1334x750,match_status:1,T,F,F,T,mobile,iOS Device
112805,3417692,-5.0,147769.0,0.0,0.0,0.0,0.0,,,0.0,0.0,100.0,NotFound,64.0,,Found,Found,225.0,,153.0,411.0,,,,,,,,Found,Found,,chrome 65.0 for android,,,,F,F,T,F,mobile,SM-G610M Build/MMB29K
91624,3302522,-5.0,149189.0,,,,,,,,,100.0,NotFound,33.0,-480.0,New,NotFound,166.0,,410.0,222.0,,,,,,,,New,NotFound,iOS 11.2.5,mobile safari generic,32.0,1334x750,match_status:2,T,F,T,F,mobile,iOS Device
65534,3159499,-5.0,141349.0,,,0.0,0.0,,,0.0,0.0,96.73999786376952,NotFound,49.0,-360.0,New,NotFound,225.0,,427.0,507.0,,,,,,,,Found,Found,,chrome 49.0,,,,F,T,F,F,desktop,
125603,3489328,-5.0,1642.0,0.0,0.0,0.0,0.0,,,0.0,0.0,100.0,Found,52.0,-300.0,Found,Found,166.0,,215.0,368.0,,,,,,,,Found,Found,Windows 10,chrome 65.0,24.0,1366x768,match_status:2,T,F,T,T,desktop,Windows
1221,2993079,0.0,52866.0,,,2.0,0.0,,,,,100.0,NotFound,,-480.0,New,NotFound,166.0,,529.0,222.0,,,,,,,,New,NotFound,iOS 11.1.2,mobile safari 11.0,32.0,2208x1242,match_status:1,T,F,T,T,mobile,iOS Device
9291,3019623,-5.0,98814.0,,,30.0,-100.0,,,,,100.0,NotFound,49.0,-360.0,New,NotFound,166.0,15.0,321.0,333.0,,,,,,,,New,NotFound,iOS 10.3.3,mobile safari 10.0,32.0,1136x640,match_status:1,T,F,F,T,mobile,iOS Device
132674,3525192,-5.0,245863.0,,,0.0,0.0,,,,,100.0,NotFound,64.0,,New,NotFound,225.0,,290.0,325.0,,,,,,,,New,NotFound,,chrome 66.0 for android,,,,F,F,T,F,mobile,LG-K350
41902,3087757,-40.0,167989.0,,,0.0,0.0,,,,,100.0,Found,52.0,-300.0,New,NotFound,128.0,,410.0,298.0,,,,,,,,New,NotFound,Windows 10,edge 16.0,24.0,3200x1800,match_status:2,T,F,T,T,desktop,Windows
30313,3066564,-5.0,290164.0,0.0,0.0,10.0,-3.0,,,0.0,0.0,100.0,NotFound,49.0,-360.0,Found,Found,166.0,15.0,352.0,146.0,,,,,,,,Found,Found,iOS 11.0.3,mobile safari 11.0,32.0,2208x1242,match_status:1,T,F,F,F,mobile,iOS Device
16504,3037120,-5.0,71350.0,0.0,0.0,0.0,0.0,,,0.0,0.0,100.0,NotFound,49.0,-300.0,Found,Found,166.0,,633.0,597.0,,,,,,,,Found,Found,Mac OS X 10_13_2,safari generic,24.0,1440x900,match_status:2,T,F,T,F,desktop,MacOS
78721,3236399,-5.0,76527.0,0.0,0.0,0.0,0.0,,,0.0,0.0,100.0,Found,52.0,-300.0,Found,Found,166.0,,542.0,600.0,,,,,,,,Found,Found,Windows 10,chrome 63.0,24.0,1366x768,match_status:2,T,F,T,T,desktop,Windows
140636,3558367,-5.0,281524.0,0.0,0.0,0.0,0.0,,,0.0,0.0,100.0,NotFound,52.0,,Found,Found,225.0,,266.0,566.0,,,,,,,,Found,Found,,chrome 66.0,,,,F,F,T,F,desktop,Windows
14299,3031937,-10.0,67570.0,,,22.0,-100.0,,,,,100.0,NotFound,63.0,-360.0,New,NotFound,166.0,13.0,410.0,333.0,,,,,,,,New,NotFound,Windows 7,ie 11.0 for desktop,24.0,1920x1080,match_status:2,T,F,F,T,desktop,Windows
109552,3398197,-5.0,324195.0,,,0.0,-1.0,,,,,100.0,NotFound,52.0,,New,NotFound,225.0,,254.0,507.0,,,,,,,,New,NotFound,,chrome 65.0,,,,F,F,T,F,desktop,Windows
572,2989872,-5.0,82919.0,0.0,0.0,0.0,-1.0,,,0.0,0.0,100.0,NotFound,52.0,-480.0,Found,Found,166.0,,312.0,222.0,,,,,,,,Found,Found,Windows 10,edge 15.0,24.0,,match_status:2,T,F,T,T,desktop,Windows
52221,3103785,0.0,179759.0,0.0,0.0,0.0,-2.0,,,0.0,0.0,100.0,NotFound,,-300.0,Found,Found,166.0,,215.0,500.0,,,,,,,,Found,Found,Android 7.0,chrome 63.0 for android,32.0,,match_status:2,T,F,T,T,mobile,SM-G955U Build/NRD90M
89231,3288162,-5.0,163104.0,0.0,0.0,0.0,0.0,,,0.0,0.0,100.0,NotFound,33.0,,Found,Found,225.0,,266.0,325.0,,,,,,,,Found,Found,,Samsung/SM-G531H,,,,F,F,T,F,mobile,SAMSUNG SM-G531H Build/LMY48B
60361,3130931,-35.0,75510.0,,,11.0,-24.0,,,,,100.0,NotFound,49.0,,Unknown,,225.0,15.0,417.0,507.0,,,,,,,,New,NotFound,,mobile safari 11.0,,,,F,F,F,T,mobile,
75141,3215040,-5.0,82161.0,0.0,0.0,0.0,0.0,,,0.0,0.0,100.0,Found,52.0,-480.0,Found,Found,166.0,,529.0,222.0,,,,,,,,Found,Found,Windows 8.1,chrome 63.0,24.0,1366x768,match_status:2,T,F,T,T,desktop,Windows
116844,3440165,-20.0,246432.0,0.0,0.0,0.0,-4.0,,,0.0,0.0,100.0,NotFound,64.0,,Found,Found,225.0,,290.0,315.0,,,,,,,,Found,Found,,chrome 65.0 for android,,,,F,F,T,F,mobile,LG-K500 Build/MMB29M
133464,3526919,-5.0,3920.0,0.0,0.0,0.0,0.0,,,0.0,0.0,100.0,Found,64.0,,Found,Found,166.0,,542.0,533.0,,,,,,,,Found,Found,,,,,match_status:2,T,F,T,F,desktop,
53432,3106674,-5.0,135011.0,0.0,0.0,0.0,0.0,,,0.0,0.0,100.0,NotFound,52.0,-540.0,Found,Found,166.0,15.0,328.0,568.0,,,,,,,,Found,Found,Windows 7,chrome 63.0,24.0,1360x768,match_status:1,T,F,T,T,desktop,Windows
57654,3119670,-40.0,206946.0,,,0.0,0.0,,,,,100.0,NotFound,18.0,,New,NotFound,225.0,15.0,266.0,325.0,,,,,,,,New,NotFound,,chrome 63.0 for android,,,,F,F,T,T,mobile,CHC-U03 Build/HuaweiCHC-U03
7102,3013438,0.0,24250.0,,,0.0,0.0,,,,,100.0,NotFound,,-360.0,New,NotFound,166.0,,529.0,299.0,,,,,,,,New,NotFound,iOS 11.1.0,mobile safari 11.0,32.0,2048x1536,match_status:1,T,F,T,T,mobile,iOS Device
28028,3062231,0.0,261800.0,,,5.0,-20.0,,,,,100.0,NotFound,,,New,NotFound,225.0,15.0,417.0,507.0,,,,,,,,New,NotFound,,chrome 63.0 for android,,,,F,F,T,T,mobile,SGH-I337M Build/LRX22C
31928,3069643,-5.0,75633.0,0.0,0.0,8.0,-6.0,,,0.0,0.0,100.0,NotFound,52.0,-300.0,Found,Found,166.0,12.0,410.0,368.0,,,,,,,,Found,Found,Windows 7,chrome 63.0,24.0,1920x1080,match_status:2,T,F,T,F,desktop,Windows
105869,3383529,-20.0,368720.0,0.0,0.0,0.0,0.0,,,0.0,0.0,100.0,NotFound,19.0,,Found,Found,225.0,15.0,266.0,315.0,,,,,,,,Found,Found,,chrome 65.0 for android,,,,F,F,T,F,mobile,LenovoA3300-GV Build/JDQ39
3249,3000897,-5.0,180148.0,,,1.0,0.0,,,0.0,0.0,96.43000030517578,NotFound,52.0,-420.0,New,NotFound,166.0,,492.0,266.0,,,,,,,,Found,Found,Windows 10,edge 15.0,24.0,1366x768,match_status:2,T,F,T,T,desktop,Windows
105090,3380405,-5.0,79864.0,0.0,0.0,0.0,-22.0,,,0.0,0.0,100.0,Found,19.0,-360.0,Found,Found,166.0,13.0,352.0,521.0,,,,,,,,Found,Found,iOS 11.2.6,mobile safari generic,32.0,1334x750,match_status:1,T,F,F,T,mobile,iOS Device
92217,3305953,-10.0,149809.0,,,0.0,0.0,,,,,100.0,NotFound,52.0,,New,NotFound,225.0,,574.0,507.0,,,,,,,,New,NotFound,,chrome 64.0,,,,F,F,T,F,desktop,Windows
120760,3461006,-5.0,465931.0,,,0.0,0.0,,,,,100.0,NotFound,52.0,-360.0,New,NotFound,225.0,,427.0,507.0,,,,,,,,New,NotFound,,ie 11.0 for tablet,,,,F,T,T,F,desktop,Trident/7.0
121301,3464373,-20.0,287302.0,,,25.0,-8.0,,,,,100.0,NotFound,64.0,,Unknown,,225.0,15.0,153.0,384.0,,,,,,,,New,NotFound,,mobile safari generic,,,,F,F,F,F,mobile,
71151,3193728,-25.0,164791.0,,,0.0,-13.0,,,,,100.0,NotFound,49.0,,Unknown,,225.0,,345.0,507.0,,,,,,,,New,NotFound,,mobile safari generic,,,,F,F,F,F,mobile,
83513,3259424,-5.0,113246.0,0.0,0.0,0.0,-6.0,,,0.0,0.0,100.0,NotFound,33.0,-360.0,Found,Found,225.0,,266.0,315.0,,,,,,,,Found,Found,,safari generic,,,,F,T,F,F,desktop,
106162,3384973,-15.0,,,,,,,,,,,NotFound,20.0,,,,,,,,,,,,,,,,,,,,,,,,,,,
81081,3248414,-20.0,825692.0,,,0.0,0.0,,,,,100.0,NotFound,49.0,,Unknown,,225.0,,427.0,507.0,,,,,,,,New,NotFound,,mobile safari generic,,,,F,F,F,F,mobile,
138297,3547668,-5.0,316881.0,0.0,0.0,0.0,-32.0,,,0.0,0.0,100.0,NotFound,27.0,,Found,Found,225.0,15.0,266.0,595.0,,,,,,,,Found,Found,,chrome 66.0 for android,,,,F,F,T,F,mobile,LG-M700 Build/NMF26X
123786,3478506,-5.0,6654.0,,,,,,,,,100.0,NotFound,52.0,-300.0,New,NotFound,166.0,,410.0,533.0,,,,,,,,New,NotFound,Windows 10,firefox,24.0,1920x1080,match_status:2,T,F,T,T,desktop,rv:58.0
133885,3528244,-5.0,583619.0,,,2.0,-6.0,,,,,100.0,NotFound,64.0,,New,NotFound,102.0,15.0,272.0,160.0,,,,,,,,New,NotFound,,chrome 66.0 for android,,,,F,F,T,F,mobile,TA-1025 Build/OPR1.170623.026
78299,3233460,-5.0,48016.0,0.0,0.0,0.0,0.0,,,0.0,0.0,100.0,NotFound,52.0,-420.0,Found,Found,166.0,,410.0,472.0,,,,,,,,Found,Found,Windows 10,chrome 63.0,24.0,1366x768,match_status:2,T,F,T,F,desktop,Windows
24623,3055289,-5.0,85924.0,,,0.0,0.0,,,,,100.0,NotFound,52.0,,New,NotFound,225.0,,410.0,193.0,,,,,,,,New,NotFound,,chrome 63.0,,,,F,F,T,T,desktop,Windows
41395,3086921,-5.0,122355.0,0.0,0.0,0.0,0.0,,,0.0,0.0,100.0,NotFound,52.0,,Found,Found,225.0,,266.0,325.0,,,,,,,,Found,Found,,opera 49.0,,,,F,F,T,T,desktop,Windows
76584,3223585,-5.0,230730.0,,,0.0,-10.0,,,,,100.0,NotFound,52.0,,New,NotFound,191.0,15.0,127.0,424.0,,,,,,,,New,NotFound,,chrome 63.0,,,,F,F,T,F,desktop,Windows
54594,3109719,-25.0,79342.0,,,2.0,-5.0,,,0.0,0.0,95.16000366210938,Found,63.0,,Unknown,,166.0,13.0,216.0,214.0,,,,,,,,Found,Found,,ie 11.0 for desktop,,,,F,F,F,T,desktop,rv:11.0
42074,3088062,-5.0,117881.0,,,1.0,-9.0,,,,,100.0,NotFound,52.0,-300.0,New,NotFound,166.0,13.0,139.0,256.0,,,,,,,,New,NotFound,Windows 7,chrome 63.0,24.0,1600x900,match_status:2,T,F,T,F,desktop,Windows
99023,3351147,-5.0,163043.0,,,2.0,0.0,,,,,100.0,NotFound,33.0,-300.0,New,NotFound,166.0,,193.0,600.0,,,,,,,,New,NotFound,Mac OS X 10_12_6,safari generic,24.0,2560x1600,match_status:2,T,F,F,F,desktop,MacOS
30958,3067887,0.0,22737.0,0.0,0.0,,,,,0.0,0.0,100.0,NotFound,,-300.0,Found,Found,166.0,,360.0,600.0,,,,,,,,Found,Found,Android 7.0,chrome 63.0 for android,32.0,2560x1440,match_status:2,T,F,T,T,mobile,HTC6545LVW
142274,3566475,-26.0,14360.0,0.0,0.0,-4.0,-35.0,-3.0,-35.0,0.0,0.0,100.0,Found,27.0,-300.0,Found,Found,166.0,12.0,317.0,549.0,252.0,14.0,IP_PROXY:TRANSPARENT,11.0,321.0,184.0,Found,Found,Found,iOS 11.3.0,mobile safari 11.0,32.0,2208x1242,match_status:2,T,F,F,T,mobile,iOS Device
51662,3102843,-10.0,309812.0,0.0,0.0,0.0,0.0,,,0.0,0.0,100.0,Found,49.0,-360.0,Found,Found,166.0,,193.0,333.0,,,,,,,,Found,Found,iOS 11.2.0,mobile safari 11.0,32.0,2208x1242,match_status:1,T,F,F,T,mobile,iOS Device
53795,3107529,-20.0,102701.0,,,-8.0,-8.0,,,,,100.0,NotFound,49.0,,Unknown,,225.0,15.0,417.0,507.0,,,,,,,,New,NotFound,,mobile safari 11.0,,,,F,F,F,T,mobile,
129643,3513294,-20.0,81842.0,0.0,0.0,0.0,0.0,,,0.0,0.0,100.0,NotFound,52.0,,Found,Found,225.0,,266.0,565.0,,,,,,,,Found,Found,,chrome 66.0,,,,F,F,T,F,desktop,Windows
134708,3531883,-10.0,1481.0,0.0,0.0,1.0,0.0,,,0.0,0.0,100.0,Found,52.0,-300.0,Found,Found,166.0,,633.0,533.0,,,,,,,,Found,Found,Windows 10,edge 16.0,24.0,1366x767,match_status:2,T,F,T,F,desktop,Windows
54991,3110928,-5.0,239638.0,,,0.0,-1.0,,,,,100.0,Found,52.0,-480.0,New,NotFound,166.0,,312.0,222.0,,,,,,,,New,NotFound,Windows 8.1,ie 11.0 for desktop,24.0,1920x1080,match_status:0,T,F,T,T,desktop,Trident/7.0
21726,3049281,-5.0,129692.0,,,0.0,-5.0,,,,,100.0,NotFound,25.0,600.0,New,NotFound,216.0,,410.0,335.0,,,,,,,,New,NotFound,Mac OS X 10.12,firefox 57.0,24.0,2560x1600,match_status:2,T,F,T,T,desktop,rv:57.0
65598,3159696,0.0,107727.0,0.0,0.0,3.0,-1.0,,,0.0,0.0,100.0,Found,,-420.0,Found,Found,166.0,15.0,352.0,535.0,,,,,,,,Found,Found,Android 7.0,chrome 63.0 for android,32.0,,match_status:2,T,F,T,T,mobile,SM-G955U Build/NRD90M
28403,3062976,0.0,65269.0,,,2.0,0.0,,,,,100.0,NotFound,,-360.0,New,NotFound,166.0,,400.0,146.0,,,,,,,,New,NotFound,iOS 11.2.1,mobile safari 11.0,32.0,2048x1536,match_status:1,T,F,T,T,mobile,iOS Device
27067,3060160,0.0,42219.0,0.0,0.0,5.0,0.0,,,0.0,0.0,100.0,NotFound,,-360.0,Found,Found,166.0,15.0,352.0,500.0,,,,,,,,Found,Found,Android 5.1.1,chrome 56.0 for android,32.0,1280x720,match_status:2,T,F,T,T,mobile,VS880PP
92236,3306090,0.0,15934.0,0.0,0.0,0.0,0.0,,,0.0,0.0,100.0,Found,41.0,-300.0,Found,Found,166.0,,222.0,146.0,,,,,,,,Found,Found,Android,chrome 62.0,32.0,801x480,match_status:2,T,F,T,T,mobile,
26407,3058960,-40.0,47811.0,0.0,0.0,5.0,-6.0,,,0.0,0.0,100.0,Found,18.0,-360.0,Found,Found,166.0,13.0,542.0,333.0,,,,,,,,Found,Found,iOS 11.2.0,mobile safari 11.0,32.0,2208x1242,match_status:1,T,F,T,T,mobile,iOS Device
142048,3565551,-5.0,46442.0,,,0.0,0.0,,,,,100.0,NotFound,52.0,-480.0,New,NotFound,166.0,,621.0,222.0,,,,,,,,New,NotFound,Windows 8.1,chrome 66.0,24.0,1366x768,match_status:2,T,F,T,T,desktop,Windows
34670,3074742,-5.0,84973.0,,,0.0,0.0,,,0.0,0.0,96.19000244140624,NotFound,52.0,-300.0,New,NotFound,166.0,,215.0,597.0,,,,,,,,Found,Found,Windows 10,chrome 63.0,24.0,1920x1080,match_status:2,T,F,T,T,desktop,Windows
79029,3238191,-5.0,356068.0,0.0,0.0,0.0,0.0,,,0.0,0.0,100.0,NotFound,49.0,,Found,Found,225.0,,427.0,325.0,,,,,,,,Found,Found,,mobile safari generic,,,,F,F,T,F,mobile,
130109,3515417,-45.0,88666.0,0.0,0.0,9.0,-12.0,,,0.0,0.0,100.0,NotFound,52.0,-360.0,Found,Found,166.0,15.0,410.0,272.0,,,,,,,,Found,Found,Windows 10,ie 11.0 for desktop,24.0,1920x1080,match_status:2,T,F,T,T,desktop,Trident/7.0
129237,3510966,-25.0,289894.0,,,-37.0,-52.0,,,,,100.0,NotFound,64.0,,Unknown,,225.0,12.0,176.0,127.0,,,,,,,,New,NotFound,,mobile safari 11.0,,,,F,F,F,F,mobile,
86215,3271708,-5.0,622481.0,,,10.0,-100.0,,,,,100.0,NotFound,33.0,,New,NotFound,225.0,15.0,417.0,507.0,,,,,,,,New,NotFound,,chrome 64.0 for android,,,,F,F,T,F,mobile,SM-G570M Build/MMB29K
75235,3215668,-20.0,252372.0,0.0,0.0,0.0,0.0,,,0.0,0.0,100.0,NotFound,52.0,-360.0,Found,Found,225.0,,427.0,563.0,,,,,,,,Found,Found,,chrome 49.0,,,,F,T,T,F,desktop,
24950,3056013,-5.0,237162.0,0.0,0.0,0.0,0.0,,,0.0,0.0,100.0,Found,52.0,-360.0,Found,Found,166.0,,312.0,186.0,,,,,,,,Found,Found,Windows 10,chrome 61.0,24.0,1366x768,match_status:2,T,F,T,F,desktop,Windows
20602,3046647,-5.0,389697.0,,,0.0,0.0,,,2.0,0.0,97.12000274658205,NotFound,52.0,-360.0,New,NotFound,166.0,,139.0,100.0,,,,,,,,Found,Found,Windows 7,chrome 63.0,24.0,1680x1050,match_status:2,T,F,T,F,desktop,Windows
24974,3056074,0.0,149673.0,2.0,0.0,0.0,0.0,,,2.0,0.0,100.0,NotFound,,-300.0,Found,Found,166.0,,548.0,277.0,,,,,,,,Found,Found,Mac OS X 10_11_6,chrome 63.0,24.0,1366x768,match_status:2,T,F,T,T,desktop,MacOS
49754,3100200,-5.0,111072.0,,,0.0,0.0,,,,,100.0,NotFound,52.0,-300.0,New,NotFound,166.0,13.0,339.0,533.0,,,,,,,,New,NotFound,Windows 8.1,chrome 62.0,24.0,1366x768,match_status:2,T,F,T,T,desktop,Windows
104764,3378947,-5.0,71797.0,0.0,0.0,2.0,-10.0,,,0.0,-5.0,100.0,NotFound,52.0,-360.0,Found,Found,166.0,12.0,193.0,391.0,,,,,,,,Found,Found,Windows 10,chrome 59.0,24.0,1920x1080,match_status:2,T,F,T,F,desktop,Windows
123259,3475954,-5.0,54646.0,,,0.0,0.0,,,,,100.0,NotFound,52.0,-300.0,New,NotFound,166.0,,337.0,535.0,,,,,,,,New,NotFound,Windows 7,chrome generic,24.0,1920x1080,match_status:2,T,F,T,F,desktop,Windows
123862,3478977,-5.0,87292.0,0.0,0.0,0.0,0.0,,,0.0,0.0,100.0,Found,52.0,-300.0,Found,Found,166.0,,383.0,600.0,,,,,,,,Found,Found,Windows 8,chrome 63.0,24.0,1920x1080,match_status:2,T,F,T,F,desktop,Windows
106169,3385007,-5.0,152117.0,,,0.0,0.0,,,0.0,0.0,95.08000183105467,NotFound,52.0,,New,NotFound,225.0,,427.0,469.0,,,,,,,,Found,Found,,firefox 59.0,,,,F,F,T,F,desktop,Windows
126112,3493025,0.0,14142.0,0.0,0.0,0.0,0.0,,,0.0,0.0,100.0,Found,,-300.0,Found,Found,166.0,,529.0,256.0,,,,,,,,Found,Found,Mac OS X 10_13_4,safari generic,24.0,1920x1080,match_status:2,T,F,T,T,desktop,MacOS
58170,3121786,-5.0,177035.0,,,0.0,0.0,,,0.0,0.0,97.1999969482422,NotFound,49.0,-480.0,New,NotFound,166.0,,548.0,222.0,,,,,,,,Found,Found,Mac OS X 10_11_6,chrome 61.0,24.0,1280x800,match_status:2,T,F,T,F,desktop,MacOS
28508,3063141,-5.0,308480.0,,,0.0,0.0,,,,,100.0,NotFound,49.0,-480.0,New,NotFound,166.0,,529.0,222.0,,,,,,,,New,NotFound,iOS 11.2.1,mobile safari 11.0,32.0,1334x750,match_status:1,T,F,F,T,mobile,iOS Device
100711,3359253,-5.0,484105.0,,,0.0,0.0,,,,,100.0,NotFound,33.0,,New,NotFound,225.0,,266.0,507.0,,,,,,,,New,NotFound,,chrome generic for android,,,,F,F,T,F,mobile,LG-X240 Build/MRA58K
44201,3091906,0.0,155004.0,,,7.0,-36.0,,,,,100.0,NotFound,20.0,,New,NotFound,225.0,15.0,417.0,507.0,,,,,,,,New,NotFound,,other,,,,F,F,T,T,mobile,LG-M700 Build/NMF26X
38082,3080791,-5.0,64634.0,0.0,0.0,0.0,0.0,,,0.0,0.0,100.0,Found,49.0,-360.0,Found,Found,166.0,,529.0,214.0,,,,,,,,Found,Found,iOS 11.1.2,mobile safari 11.0,32.0,1334x750,match_status:1,T,F,F,F,mobile,iOS Device
67964,3174358,-5.0,36009.0,,,3.0,0.0,,,,,100.0,NotFound,52.0,-360.0,New,NotFound,166.0,13.0,410.0,333.0,,,,,,,,New,NotFound,Windows 7,chrome 63.0,24.0,1920x1080,match_status:2,T,F,T,T,desktop,Windows
109427,3397849,0.0,10074.0,0.0,0.0,3.0,-10.0,,,0.0,0.0,100.0,NotFound,,-300.0,Found,Found,166.0,15.0,352.0,161.0,,,,,,,,Found,Found,Android,chrome 64.0,24.0,1280x720,match_status:2,T,F,T,T,mobile,
90436,3295130,-5.0,235382.0,,,2.0,0.0,,,0.0,0.0,95.55999755859376,NotFound,52.0,-300.0,New,NotFound,166.0,,529.0,256.0,,,,,,,,Found,Found,Windows 10,firefox 57.0,24.0,1920x1080,match_status:2,T,F,T,F,desktop,Windows
131451,3521014,-5.0,147638.0,,,0.0,0.0,,,0.0,0.0,95.6500015258789,NotFound,64.0,-300.0,New,NotFound,166.0,13.0,390.0,549.0,,,,,,,,Found,Found,Mac OS X 10_12_6,safari 11.0,24.0,2560x1440,match_status:2,T,F,F,F,desktop,MacOS
93987,3320385,0.0,42878.0,0.0,0.0,0.0,0.0,,,0.0,0.0,100.0,Found,,-300.0,Found,Found,166.0,,542.0,391.0,,,,,,,,Found,Found,Mac OS X 10.6,firefox 48.0,24.0,1280x800,match_status:2,T,F,T,T,desktop,rv:48.0
137279,3544326,-25.0,114706.0,,,0.0,0.0,,,0.0,0.0,97.5,NotFound,63.0,-300.0,Unknown,,166.0,13.0,100.0,535.0,,,,,,,,Found,Found,Windows 10,chrome 66.0,24.0,1440x900,match_status:2,T,F,F,T,desktop,Windows
56270,3114534,0.0,173186.0,0.0,0.0,0.0,0.0,,,0.0,0.0,100.0,NotFound,43.0,,Found,Found,225.0,,266.0,325.0,,,,,,,,Found,Found,,chrome 63.0 for android,,,,F,F,T,T,mobile,SM-G900M Build/LRX21T
42942,3089551,0.0,160299.0,,,0.0,-12.0,,,,,100.0,NotFound,,,New,NotFound,225.0,,254.0,507.0,,,,,,,,New,NotFound,,chrome 63.0 for android,,,,F,F,T,T,mobile,SM-G570M Build/MMB29K
45738,3094335,-40.0,85605.0,0.0,0.0,13.0,-16.0,,,0.0,0.0,100.0,NotFound,18.0,-300.0,Found,Found,166.0,15.0,321.0,600.0,,,,,,,,Found,Found,Android 7.0,chrome 63.0 for android,32.0,2560x1440,match_status:2,T,F,T,T,mobile,SM-G920T Build/NRD90M
36393,3077720,-5.0,68708.0,0.0,0.0,0.0,0.0,,,0.0,0.0,100.0,Found,49.0,-360.0,Found,Found,166.0,,630.0,280.0,,,,,,,,Found,Found,Mac OS X 10_10_5,chrome 62.0,24.0,1440x900,match_status:2,T,F,T,F,desktop,MacOS
32144,3070031,-5.0,74891.0,,,10.0,0.0,,,1.0,0.0,95.23999786376952,NotFound,52.0,-300.0,New,NotFound,166.0,15.0,348.0,549.0,,,,,,,,Found,Found,Windows 7,chrome 63.0,24.0,1280x1024,match_status:2,T,F,T,T,desktop,Windows
11273,3024577,0.0,216406.0,,,2.0,-14.0,,,,,100.0,NotFound,,,New,NotFound,225.0,15.0,384.0,561.0,,,,,,,,New,NotFound,,chrome 59.0 for android,,,,F,F,T,T,mobile,SM-G531H Build/LMY48B
137937,3546538,-10.0,1497.0,0.0,0.0,6.0,0.0,,,0.0,0.0,100.0,Found,52.0,-300.0,Found,Found,166.0,,633.0,533.0,,,,,,,,Found,Found,Windows 10,edge 16.0,24.0,1366x768,match_status:2,T,F,T,F,desktop,Windows
47535,3097165,0.0,117112.0,,,0.0,0.0,,,,,100.0,NotFound,20.0,,New,NotFound,225.0,,290.0,401.0,,,,,,,,New,NotFound,,chrome 63.0 for android,,,,F,F,T,T,mobile,LG-D320 Build/KOT49I.V10a
84620,3264272,-90.0,76254.0,0.0,0.0,2.0,-13.0,3.0,-13.0,0.0,0.0,100.0,NotFound,52.0,-420.0,Found,Found,166.0,13.0,193.0,266.0,327.0,14.0,IP_PROXY:HIDDEN,15.0,205.0,117.0,Found,Found,Found,Windows 7,chrome 64.0,24.0,,match_status:2,T,F,T,F,desktop,Windows
20017,3045283,-5.0,33316.0,,,0.0,0.0,,,,,100.0,NotFound,49.0,-480.0,New,NotFound,166.0,,542.0,144.0,,,,,,,,New,NotFound,iOS 10.0.2,mobile safari 10.0,32.0,2048x1536,match_status:1,T,F,F,T,mobile,iOS Device
30702,3067308,-5.0,235650.0,,,0.0,0.0,,,,,100.0,NotFound,52.0,,New,NotFound,225.0,,427.0,595.0,,,,,,,,New,NotFound,,chrome 63.0,,,,F,F,T,T,desktop,Windows
121115,3463076,0.0,115839.0,0.0,0.0,0.0,0.0,,,0.0,0.0,100.0,NotFound,,-300.0,Found,Found,166.0,,487.0,600.0,,,,,,,,Found,Found,Mac OS X 10_13_4,chrome 65.0,24.0,3360x2100,match_status:2,T,F,T,T,desktop,MacOS
55996,3113917,-5.0,246007.0,,,0.0,0.0,,,0.0,0.0,95.08000183105467,NotFound,52.0,,New,NotFound,225.0,,484.0,507.0,,,,,,,,Found,Found,,chrome 63.0,,,,F,F,T,T,desktop,Windows
7043,3013272,0.0,140337.0,,,0.0,0.0,,,,,100.0,NotFound,,-300.0,New,NotFound,166.0,15.0,100.0,549.0,,,,,,,,New,NotFound,Mac OS X 10_13_1,safari generic,24.0,1920x1080,match_status:1,T,F,T,T,desktop,MacOS
80733,3246663,-5.0,233980.0,0.0,0.0,1.0,-5.0,,,0.0,0.0,100.0,NotFound,52.0,-360.0,Found,Found,225.0,,176.0,507.0,,,,,,,,Found,Found,,ie 11.0 for desktop,,,,F,T,T,F,desktop,Trident/7.0
77183,3226983,-5.0,46542.0,0.0,0.0,14.0,-39.0,,,0.0,0.0,100.0,Found,52.0,-300.0,Found,Found,166.0,12.0,410.0,256.0,,,,,,,,Found,Found,Windows 10,chrome 60.0,24.0,1366x768,match_status:2,T,F,T,T,desktop,Windows
43428,3090470,-20.0,94595.0,0.0,0.0,0.0,0.0,,,0.0,0.0,100.0,NotFound,52.0,,Found,Found,225.0,,427.0,315.0,,,,,,,,Found,Found,,chrome 63.0,,,,F,F,T,T,desktop,Windows
17225,3039023,-5.0,94280.0,,,0.0,0.0,,,,,100.0,NotFound,49.0,-420.0,New,NotFound,166.0,,492.0,472.0,,,,,,,,New,NotFound,iOS 11.1.2,mobile safari 11.0,32.0,1136x640,match_status:1,T,F,F,T,mobile,iOS Device
24180,3054333,-5.0,144485.0,,,3.0,-5.0,,,,,100.0,NotFound,49.0,-300.0,New,NotFound,166.0,15.0,352.0,533.0,,,,,,,,New,NotFound,Android 7.0,chrome 60.0 for android,32.0,1920x1080,match_status:2,T,F,T,F,mobile,SM-G935V Build/NRD90M
40150,3084485,-5.0,119062.0,,,17.0,-53.0,,,,,100.0,NotFound,49.0,-360.0,New,NotFound,166.0,13.0,122.0,333.0,,,,,,,,New,NotFound,iOS 10.3.3,mobile safari 10.0,32.0,2208x1242,match_status:1,T,F,F,T,mobile,iOS Device
56570,3115805,-5.0,99857.0,0.0,0.0,0.0,0.0,,,0.0,0.0,100.0,Found,52.0,-360.0,Found,Found,166.0,,312.0,146.0,,,,,,,,Found,Found,Windows 10,chrome 63.0,24.0,1280x1024,match_status:2,T,F,T,T,desktop,Windows
114875,3428938,-5.0,213690.0,0.0,0.0,0.0,0.0,,,0.0,0.0,100.0,Found,52.0,-300.0,Found,Found,166.0,,542.0,535.0,,,,,,,,Found,Found,Windows 7,chrome 65.0,24.0,2560x1440,match_status:2,T,F,T,F,desktop,Windows
33949,3073367,-25.0,205326.0,,,1.0,-100.0,,,,,100.0,NotFound,49.0,,Unknown,,225.0,13.0,250.0,127.0,,,,,,,,New,NotFound,,mobile safari 11.0,,,,F,F,F,T,mobile,
69216,3182330,-20.0,145059.0,,,0.0,0.0,,,,,100.0,NotFound,49.0,,Unknown,,225.0,,427.0,563.0,,,,,,,,New,NotFound,,mobile safari 11.0,,,,F,F,F,F,mobile,
72904,3203134,-5.0,204031.0,,,0.0,0.0,,,,,100.0,NotFound,49.0,-480.0,New,NotFound,166.0,,542.0,222.0,,,,,,,,New,NotFound,Mac OS X 10_11_6,safari generic,24.0,5120x2880,match_status:2,T,F,F,F,desktop,MacOS
141183,3560605,-45.0,77989.0,0.0,0.0,0.0,0.0,,,0.0,0.0,100.0,NotFound,25.0,120.0,Found,Found,114.0,,410.0,317.0,,,,,,,,Found,Found,Android 7.0,chrome 66.0 for android,24.0,1920x1080,match_status:2,T,F,T,T,mobile,FRD-L09 Build/HUAWEIFRD-L09
86529,3273178,-5.0,252702.0,,,0.0,0.0,,,,,100.0,NotFound,33.0,,New,NotFound,225.0,,153.0,563.0,,,,,,,,New,NotFound,,android webview 4.0,,,,F,F,T,F,mobile,LOGIC
31255,3068433,-5.0,385391.0,,,0.0,0.0,,,,,100.0,NotFound,52.0,,New,NotFound,225.0,,484.0,507.0,,,,,,,,New,NotFound,,chrome 63.0,,,,F,F,T,T,desktop,Windows
30660,3067221,-5.0,50633.0,,,0.0,0.0,,,,,100.0,NotFound,49.0,-300.0,New,NotFound,166.0,15.0,100.0,533.0,,,,,,,,New,NotFound,iOS 11.1.1,mobile safari 11.0,32.0,1136x640,match_status:1,T,F,F,T,mobile,iOS Device
13168,3029107,0.0,30927.0,,,0.0,0.0,,,,,100.0,NotFound,,-480.0,New,NotFound,166.0,,277.0,222.0,,,,,,,,New,NotFound,iOS 11.1.2,mobile safari 11.0,32.0,2048x1536,match_status:1,T,F,T,T,mobile,iOS Device
66548,3165695,-5.0,86896.0,,,-7.0,-17.0,,,,,100.0,NotFound,49.0,,New,NotFound,166.0,15.0,509.0,600.0,,,,,,,,New,NotFound,,chrome 63.0 for android,,,,F,F,T,F,mobile,Moto
47033,3096364,0.0,38168.0,,,,,,,,,100.0,NotFound,,-300.0,New,NotFound,166.0,,411.0,278.0,,,,,,,,New,NotFound,Windows 7,ie 11.0 for desktop,24.0,1600x1200,match_status:2,T,T,T,T,desktop,Trident/7.0
43632,3090838,-5.0,54047.0,0.0,0.0,1.0,0.0,,,0.0,0.0,100.0,Found,52.0,-300.0,Found,Found,166.0,13.0,390.0,549.0,,,,,,,,Found,Found,Windows 7,chrome 63.0,24.0,1920x1080,match_status:2,T,F,T,T,desktop,Windows
10424,3022579,-5.0,85838.0,0.0,0.0,0.0,0.0,,,0.0,0.0,100.0,NotFound,52.0,-300.0,Found,Found,166.0,,529.0,161.0,,,,,,,,Found,Found,Windows 10,edge 15.0,24.0,1366x768,match_status:2,T,F,T,T,desktop,Windows
14324,3031992,-5.0,74146.0,0.0,0.0,0.0,-1.0,,,0.0,0.0,100.0,NotFound,52.0,-300.0,Found,Found,166.0,13.0,445.0,500.0,,,,,,,,Found,Found,Windows 7,firefox 57.0,24.0,1920x1080,match_status:2,T,F,T,T,desktop,Windows
98686,3349284,-10.0,109623.0,,,0.0,-16.0,,,,,100.0,NotFound,52.0,,New,NotFound,225.0,,574.0,561.0,,,,,,,,New,NotFound,,chrome 63.0,,,,F,F,T,F,desktop,Windows
108657,3394889,-35.0,406183.0,,,0.0,0.0,,,,,100.0,NotFound,62.0,,Unknown,,225.0,,427.0,325.0,,,,,,,,New,NotFound,,chrome 65.0,,,,F,F,F,F,desktop,
135614,3536485,-5.0,161296.0,0.0,0.0,0.0,-1.0,,,0.0,0.0,100.0,NotFound,52.0,,Found,Found,225.0,,153.0,595.0,,,,,,,,Found,Found,,chrome 66.0,,,,F,F,T,F,desktop,Windows
59465,3126939,-5.0,283827.0,,,0.0,0.0,,,,,100.0,NotFound,25.0,,New,NotFound,225.0,,266.0,469.0,,,,,,,,New,NotFound,,chrome 63.0 for android,,,,F,F,T,T,mobile,G620S-L03
86259,3271911,-5.0,221631.0,0.0,0.0,0.0,0.0,,,0.0,0.0,100.0,NotFound,33.0,,Found,Found,225.0,,266.0,315.0,,,,,,,,Found,Found,,chrome 64.0 for android,,,,F,F,T,F,mobile,LG-K200 Build/MXB48T
114870,3428914,-45.0,272590.0,0.0,0.0,-4.0,-27.0,,,0.0,0.0,100.0,NotFound,64.0,,Found,Found,225.0,15.0,266.0,563.0,,,,,,,,Found,Found,,chrome 65.0 for android,,,,F,F,T,F,mobile,E6853 Build/32.4.A.1.54
93179,3314731,-5.0,124755.0,0.0,0.0,0.0,0.0,,,0.0,0.0,100.0,NotFound,33.0,,Found,Found,225.0,15.0,290.0,401.0,,,,,,,,Found,Found,,chrome 64.0,,,,F,F,T,F,desktop,
5005,3007382,-5.0,187606.0,0.0,0.0,0.0,0.0,,,0.0,0.0,100.0,NotFound,52.0,-360.0,Found,Found,166.0,,311.0,521.0,,,,,,,,Found,Found,Windows 10,chrome 62.0,24.0,1366x768,match_status:2,T,F,T,F,desktop,Windows
58944,3124660,-45.0,54030.0,,,19.0,-32.0,20.0,-100.0,,,100.0,NotFound,49.0,-300.0,New,NotFound,166.0,13.0,317.0,333.0,252.0,14.0,IP_PROXY:TRANSPARENT,11.0,321.0,169.0,Found,New,NotFound,iOS 11.2.1,mobile safari 11.0,32.0,1334x750,match_status:1,T,F,T,F,mobile,iOS Device
45703,3094291,-10.0,191356.0,0.0,0.0,0.0,0.0,,,0.0,0.0,100.0,NotFound,43.0,,Found,Found,225.0,15.0,266.0,325.0,,,,,,,,Found,Found,,samsung browser 6.2,,,,F,F,T,T,mobile,SAMSUNG SM-G935F Build/NRD90M
137441,3545276,-5.0,57570.0,0.0,0.0,0.0,0.0,,,0.0,0.0,100.0,NotFound,52.0,-300.0,Found,Found,166.0,15.0,100.0,489.0,,,,,,,,Found,Found,Windows 10,chrome 66.0,24.0,1920x1080,match_status:2,T,F,T,F,desktop,Windows
7145,3013562,-10.0,171315.0,,,0.0,0.0,,,,,100.0,NotFound,63.0,-300.0,New,NotFound,166.0,,193.0,280.0,,,,,,,,New,NotFound,Windows 8.1,ie 11.0 for desktop,24.0,1366x768,match_status:2,T,F,F,T,desktop,Trident/7.0
10686,3023226,-25.0,458618.0,,,0.0,0.0,,,,,100.0,NotFound,49.0,,Unknown,,225.0,,266.0,507.0,,,,,,,,New,NotFound,,mobile safari 11.0,,,,F,F,F,T,mobile,
101034,3360312,-10.0,77461.0,0.0,0.0,0.0,0.0,,,0.0,0.0,100.0,NotFound,52.0,,Found,Found,137.0,,410.0,636.0,,,,,,,,Found,Found,,chrome 64.0,,,,F,F,T,F,desktop,
99324,3352884,0.0,101875.0,0.0,0.0,6.0,-2.0,,,0.0,0.0,100.0,Found,,-300.0,Found,Found,166.0,,352.0,222.0,,,,,,,,Found,Found,iOS 10.3.1,mobile safari generic,32.0,1334x750,match_status:1,T,F,T,T,mobile,iOS Device
83454,3259204,-5.0,117015.0,0.0,0.0,0.0,0.0,,,0.0,0.0,100.0,Found,52.0,-420.0,Found,Found,166.0,,215.0,472.0,,,,,,,,Found,Found,Windows 7,chrome 64.0,24.0,1920x1080,match_status:2,T,F,T,F,desktop,Windows
63145,3145192,0.0,175694.0,0.0,0.0,0.0,-5.0,,,0.0,0.0,100.0,NotFound,,,Found,Found,225.0,,176.0,507.0,,,,,,,,Found,Found,,chrome 63.0 for android,,,,F,F,T,T,mobile,SGP621 Build/23.5.A.1.291
62069,3139983,-10.0,293931.0,0.0,0.0,0.0,0.0,,,0.0,0.0,100.0,NotFound,49.0,180.0,Found,Found,197.0,,410.0,243.0,,,,,,,,Found,Found,iOS 11.1.1,mobile safari 11.0,32.0,1334x750,match_status:2,T,F,F,T,mobile,iOS Device
132187,3523538,-20.0,198762.0,,,-8.0,-49.0,,,,,100.0,NotFound,64.0,,Unknown,,225.0,15.0,417.0,595.0,,,,,,,,New,NotFound,,mobile safari 11.0,,,,F,F,F,F,mobile,
54688,3110028,0.0,17515.0,0.0,0.0,0.0,0.0,,,0.0,0.0,100.0,NotFound,,-360.0,Found,Found,166.0,,215.0,214.0,,,,,,,,Found,Found,Mac OS X 10_13_1,safari generic,24.0,3360x2100,match_status:2,T,F,T,T,desktop,MacOS
14698,3032828,0.0,101936.0,,,3.0,-5.0,,,,,100.0,NotFound,,-480.0,New,NotFound,166.0,,193.0,222.0,,,,,,,,New,NotFound,Mac OS X 10_13_1,safari generic,24.0,1440x900,match_status:2,T,F,T,T,desktop,MacOS
25246,3056670,-40.0,445981.0,0.0,0.0,4.0,-13.0,,,0.0,0.0,100.0,Found,18.0,-480.0,Found,Found,166.0,15.0,321.0,222.0,,,,,,,,Found,Found,Android 7.0,chrome 63.0 for android,32.0,,match_status:2,T,F,T,T,mobile,LGMS550 Build/NRD90U
98483,3348197,-5.0,93413.0,0.0,0.0,0.0,-5.0,,,0.0,0.0,100.0,NotFound,52.0,,Found,Found,225.0,,160.0,507.0,,,,,,,,Found,Found,,firefox 58.0,,,,F,F,T,F,desktop,Windows
69340,3183274,-20.0,234357.0,,,0.0,0.0,,,,,100.0,NotFound,49.0,,New,NotFound,225.0,,266.0,325.0,,,,,,,,New,NotFound,,chrome 63.0 for android,,,,F,F,T,F,mobile,5080A Build/MRA58K
59141,3125421,-15.0,,,,,,,,,,,NotFound,14.0,,,,,,,,,,,,,,,,,,,,,,,,,,,
32586,3070833,-5.0,122003.0,,,0.0,-6.0,,,,,100.0,NotFound,52.0,-300.0,New,NotFound,166.0,15.0,404.0,439.0,,,,,,,,New,NotFound,Windows 10,ie 11.0 for desktop,24.0,1680x1050,match_status:2,T,F,T,T,desktop,Trident/7.0
67640,3172020,-25.0,99033.0,,,0.0,-7.0,0.0,-7.0,0.0,0.0,100.0,Found,11.0,-360.0,New,NotFound,166.0,,193.0,333.0,849.0,14.0,IP_PROXY:TRANSPARENT,11.0,123.0,156.0,Found,Found,Found,iOS 11.1.2,mobile safari 11.0,32.0,1136x640,match_status:1,T,F,T,T,mobile,iOS Device
12227,3026918,0.0,51543.0,0.0,0.0,0.0,0.0,,,0.0,0.0,100.0,NotFound,,,Found,Found,166.0,,312.0,146.0,,,,,,,,Found,Found,,chrome 63.0,,,match_status:2,F,F,T,T,desktop,
109685,3398811,-5.0,191980.0,,,0.0,0.0,,,,,100.0,NotFound,64.0,,New,NotFound,225.0,,427.0,563.0,,,,,,,,New,NotFound,,chrome 64.0 for android,,,,F,F,T,F,mobile,SM-G930F Build/NRD90M
33052,3071610,-5.0,421706.0,,,0.0,0.0,,,,,100.0,NotFound,52.0,-300.0,New,NotFound,166.0,15.0,410.0,549.0,,,,,,,,New,NotFound,Windows 7,firefox 57.0,24.0,1440x900,match_status:2,T,F,T,F,desktop,Windows
96832,3338289,-5.0,527064.0,0.0,0.0,12.0,-26.0,,,0.0,0.0,100.0,NotFound,33.0,,Found,Found,225.0,13.0,266.0,507.0,,,,,,,,Found,Found,,Samsung/SM-G531H,,,,F,F,T,F,mobile,SAMSUNG SM-G531H Build/LMY48B
114982,3429650,0.0,55553.0,0.0,0.0,0.0,0.0,,,0.0,0.0,100.0,NotFound,,-480.0,Found,Found,166.0,,454.0,222.0,,,,,,,,Found,Found,Android 7.0,chrome 65.0 for android,24.0,1920x1080,match_status:2,T,F,T,T,mobile,SM-G935V Build/NRD90M
71685,3196741,-10.0,358624.0,0.0,0.0,0.0,0.0,,,0.0,0.0,100.0,NotFound,52.0,,Found,Found,225.0,,266.0,507.0,,,,,,,,Found,Found,,chrome 63.0,,,,F,F,T,F,desktop,
60193,3130109,-5.0,69520.0,,,29.0,-31.0,,,,,100.0,NotFound,49.0,-360.0,New,NotFound,166.0,13.0,410.0,333.0,,,,,,,,New,NotFound,iOS 10.3.3,mobile safari 10.0,32.0,2208x1242,match_status:1,T,F,F,T,mobile,iOS Device
100354,3357520,-5.0,125911.0,,,1.0,0.0,,,,,100.0,NotFound,33.0,,New,NotFound,225.0,,266.0,595.0,,,,,,,,New,NotFound,,chrome generic for android,,,,F,F,T,F,mobile,BLADE V8 SE Build/NRD90M
112378,3415115,-20.0,105355.0,,,0.0,0.0,,,0.0,0.0,95.08000183105467,NotFound,52.0,,New,NotFound,225.0,,266.0,325.0,,,,,,,,Found,Found,,chrome 65.0,,,,F,F,T,F,desktop,Windows
115898,3434896,-5.0,145463.0,,,0.0,0.0,,,,,100.0,NotFound,52.0,-300.0,New,NotFound,166.0,,621.0,500.0,,,,,,,,New,NotFound,Windows 10,edge 16.0,24.0,1440x900,match_status:2,T,F,T,T,desktop,Windows
11136,3024259,-5.0,109871.0,0.0,0.0,0.0,0.0,,,0.0,0.0,100.0,NotFound,52.0,-300.0,Found,Found,166.0,15.0,542.0,600.0,,,,,,,,Found,Found,Windows 10,edge 16.0,24.0,1920x1080,match_status:2,T,F,T,T,desktop,Windows
37550,3079911,0.0,159996.0,0.0,0.0,0.0,0.0,,,0.0,0.0,100.0,NotFound,20.0,,Found,Found,225.0,,153.0,563.0,,,,,,,,Found,Found,,chrome 63.0 for android,,,,F,F,T,T,mobile,Moto G Play Build/MPIS24.241-15.3-7
74190,3209640,-20.0,532509.0,,,0.0,-10.0,,,,,100.0,NotFound,49.0,,Unknown,,225.0,,484.0,507.0,,,,,,,,New,NotFound,,mobile safari 11.0,,,,F,F,F,F,mobile,
124826,3484908,-55.0,366042.0,,,2.0,-12.0,,,,,100.0,NotFound,64.0,,New,NotFound,225.0,15.0,607.0,507.0,,,,,,,,New,NotFound,,mobile safari generic,,,,F,F,T,F,mobile,
134663,3531645,0.0,3776.0,,,0.0,0.0,,,,,100.0,NotFound,41.0,-420.0,New,NotFound,166.0,,277.0,266.0,,,,,,,,New,NotFound,Mac OS X 10.11,firefox 59.0,24.0,1280x800,match_status:2,T,F,T,T,desktop,rv:59.0
86412,3272743,-20.0,216137.0,,,,,,,,,100.0,NotFound,33.0,,Unknown,,225.0,,266.0,325.0,,,,,,,,New,NotFound,,mobile safari generic,,,,F,F,F,F,mobile,
125207,3486889,0.0,1766.0,0.0,0.0,0.0,0.0,,,0.0,0.0,100.0,Found,,-300.0,Found,Found,166.0,,529.0,161.0,,,,,,,,Found,Found,Linux,chrome generic,24.0,1920x1080,match_status:2,T,F,T,T,desktop,
128198,3505402,-10.0,140673.0,,,0.0,0.0,,,,,100.0,NotFound,52.0,,New,NotFound,225.0,,427.0,507.0,,,,,,,,New,NotFound,,chrome generic,,,,F,F,T,F,desktop,Windows
83232,3258504,-5.0,113376.0,,,11.0,-72.0,,,,,100.0,Found,33.0,-480.0,New,NotFound,166.0,15.0,122.0,222.0,,,,,,,,New,NotFound,iOS 11.2.5,mobile safari generic,32.0,2001x1125,match_status:1,T,F,F,F,mobile,iOS Device
21616,3049078,-5.0,114914.0,,,0.0,0.0,,,,,100.0,NotFound,49.0,-480.0,New,NotFound,166.0,,529.0,222.0,,,,,,,,New,NotFound,Mac OS X 10_11_6,safari generic,24.0,1440x900,match_status:2,T,F,F,F,desktop,MacOS
62795,3143355,-5.0,112182.0,0.0,0.0,0.0,0.0,,,0.0,0.0,100.0,NotFound,52.0,,Found,Found,225.0,,266.0,507.0,,,,,,,,Found,Found,,chrome 63.0,,,,F,F,T,T,desktop,Windows
113286,3420314,-5.0,2274.0,,,0.0,0.0,,,,,100.0,NotFound,52.0,-300.0,New,NotFound,166.0,,215.0,484.0,,,,,,,,New,NotFound,Windows 10,chrome 65.0,24.0,1920x1080,match_status:2,T,F,T,T,desktop,Windows
144129,3576984,-5.0,62519.0,,,0.0,0.0,,,0.0,0.0,95.6500015258789,NotFound,27.0,-480.0,New,NotFound,166.0,,277.0,222.0,,,,,,,,Found,Found,Mac OS X 10_13_4,safari 11.0,24.0,1920x1080,match_status:1,T,F,F,T,desktop,MacOS
69444,3183724,-5.0,247578.0,,,0.0,0.0,,,,,100.0,NotFound,52.0,,New,NotFound,225.0,,266.0,507.0,,,,,,,,New,NotFound,,chrome 63.0,,,,F,F,T,F,desktop,
82215,3253835,-5.0,62497.0,,,16.0,-100.0,,,4.0,0.0,94.37000274658205,NotFound,52.0,-300.0,New,NotFound,166.0,13.0,410.0,368.0,,,,,,,,Found,Found,Windows 7,ie 11.0 for desktop,24.0,1920x1080,match_status:2,T,F,T,T,desktop,Trident/7.0
62519,3142205,-5.0,55273.0,0.0,0.0,4.0,0.0,,,0.0,0.0,100.0,NotFound,52.0,,Found,Found,225.0,,266.0,325.0,,,,,,,,Found,Found,,chrome 63.0,,,,F,F,T,T,desktop,Windows
63809,3148366,0.0,70053.0,0.0,0.0,0.0,0.0,,,0.0,0.0,100.0,NotFound,,,Found,Found,225.0,,384.0,561.0,,,,,,,,Found,Found,,chrome 63.0 for android,,,,F,F,T,T,mobile,E6603 Build/32.4.A.1.54
87457,3278535,-5.0,329192.0,0.0,0.0,-8.0,-55.0,,,0.0,0.0,100.0,NotFound,33.0,,Found,Found,225.0,15.0,266.0,507.0,,,,,,,,Found,Found,,chrome 64.0 for android,,,,F,F,T,F,mobile,HTC Desire 530 Build/MMB29M
143395,3572892,-30.0,267420.0,0.0,0.0,9.0,-34.0,16.0,-43.0,0.0,0.0,100.0,NotFound,27.0,-300.0,Found,Found,166.0,12.0,317.0,600.0,252.0,14.0,IP_PROXY:TRANSPARENT,11.0,321.0,147.0,Found,Found,Found,iOS 11.3.1,google,32.0,2048x1536,match_status:2,T,F,T,F,mobile,iOS Device
106118,3384736,-20.0,780134.0,,,0.0,-11.0,,,,,100.0,NotFound,19.0,,Unknown,,225.0,,153.0,541.0,,,,,,,,New,NotFound,,mobile safari generic,,,,F,F,F,F,mobile,
29812,3065576,-10.0,88655.0,0.0,0.0,27.0,-100.0,32.0,-20.0,0.0,0.0,100.0,NotFound,52.0,-420.0,Found,Found,102.0,15.0,281.0,360.0,800.0,33.0,IP_PROXY:TRANSPARENT,11.0,474.0,133.0,Found,Found,Found,Windows 7,ie 11.0 for desktop,16.0,1920x1080,,T,F,T,T,desktop,Trident/7.0
8459,3017224,-5.0,380770.0,,,,,,,,,100.0,NotFound,52.0,-540.0,New,NotFound,166.0,,536.0,568.0,,,,,,,,New,NotFound,Windows 10,chrome 62.0,24.0,1920x1080,match_status:2,T,F,T,F,desktop,Windows
39547,3083348,-5.0,84857.0,0.0,0.0,1.0,0.0,,,0.0,0.0,100.0,NotFound,52.0,-480.0,Found,Found,166.0,,529.0,222.0,,,,,,,,Found,Found,Windows 7,chrome 63.0,24.0,1600x900,match_status:2,T,F,T,F,desktop,Windows
5167,3007879,-100.0,51553.0,0.0,0.0,0.0,-100.0,,,0.0,0.0,100.0,NotFound,52.0,,Found,Found,225.0,15.0,345.0,507.0,,,,,,,,Found,Found,,chrome 61.0,,,,F,F,T,T,desktop,Windows
142166,3565873,-5.0,389458.0,,,0.0,0.0,,,,,100.0,NotFound,27.0,,New,NotFound,225.0,,266.0,325.0,,,,,,,,New,NotFound,,chrome 66.0 for android,,,,F,F,T,F,mobile,SM-G935F Build/NRD90M
12525,3027628,-15.0,,,,,,,,,,,NotFound,14.0,,,,,,,,,,,,,,,,,,,,,,,,,,,
143962,3576064,-5.0,59106.0,0.0,0.0,29.0,-36.0,,,0.0,0.0,100.0,NotFound,52.0,-360.0,Found,Found,166.0,15.0,410.0,333.0,,,,,,,,Found,Found,Windows 7,chrome 66.0,24.0,1920x1080,match_status:2,T,F,T,F,desktop,Windows
138204,3547295,-5.0,86998.0,0.0,0.0,0.0,-6.0,,,0.0,0.0,100.0,NotFound,52.0,,Found,Found,225.0,15.0,290.0,638.0,,,,,,,,Found,Found,,chrome 66.0,,,,F,F,T,F,desktop,
33642,3072729,-5.0,71100.0,,,0.0,-1.0,,,,,100.0,NotFound,49.0,-300.0,New,NotFound,166.0,,100.0,535.0,,,,,,,,New,NotFound,Mac OS X 10_13_2,safari generic,24.0,2560x1600,match_status:2,T,F,F,F,desktop,MacOS
96273,3334959,0.0,4639.0,0.0,0.0,0.0,0.0,,,0.0,0.0,100.0,NotFound,,-300.0,Found,Found,166.0,,215.0,533.0,,,,,,,,Found,Found,Mac OS X 10_13_3,chrome 64.0,24.0,2560x1600,match_status:2,T,F,T,T,desktop,MacOS
76995,3225979,-50.0,83922.0,,,2.0,-5.0,,,,,100.0,NotFound,49.0,,New,NotFound,225.0,15.0,384.0,561.0,,,,,,,,New,NotFound,,chrome 64.0 for android,,,,F,F,T,F,mobile,hi6210sft Build/MRA58K
129577,3512972,-5.0,386055.0,,,4.0,-12.0,,,,,100.0,NotFound,64.0,,New,NotFound,225.0,15.0,417.0,340.0,,,,,,,,New,NotFound,,chrome 65.0 for android,,,,F,F,T,F,mobile,SM-G550T1 Build/MMB29K
121997,3468530,-15.0,574203.0,0.0,0.0,0.0,0.0,,,0.0,0.0,100.0,NotFound,64.0,,Found,Found,225.0,,266.0,325.0,,,,,,,,Found,Found,,chrome 65.0,,,,F,F,T,F,desktop,
135941,3537938,-5.0,98270.0,0.0,0.0,6.0,-38.0,,,0.0,0.0,100.0,Found,52.0,-360.0,Found,Found,166.0,15.0,410.0,214.0,,,,,,,,Found,Found,Windows 7,chrome 66.0,24.0,1920x1080,match_status:2,T,F,T,F,desktop,Windows
141692,3563498,-5.0,214145.0,0.0,0.0,1.0,0.0,,,1.0,-1.0,100.0,Found,27.0,-360.0,Found,Found,166.0,,193.0,333.0,,,,,,,,Found,Found,Mac OS X 10_13_4,chrome 66.0,24.0,2880x1800,match_status:2,T,F,T,F,desktop,MacOS
57791,3120192,-5.0,93144.0,0.0,0.0,0.0,0.0,,,0.0,0.0,100.0,Found,52.0,-480.0,Found,Found,166.0,,529.0,222.0,,,,,,,,Found,Found,Windows 10,chrome 60.0,24.0,1920x1080,match_status:2,T,F,T,F,desktop,Windows
34242,3073981,-5.0,161802.0,,,0.0,0.0,,,0.0,0.0,97.12000274658205,NotFound,52.0,-300.0,New,NotFound,166.0,,215.0,597.0,,,,,,,,Found,Found,Windows 10,chrome 63.0,24.0,1280x1024,match_status:2,T,F,T,F,desktop,Windows
62882,3143792,-5.0,82838.0,0.0,0.0,0.0,0.0,,,0.0,0.0,100.0,NotFound,52.0,-300.0,Found,Found,166.0,,542.0,500.0,,,,,,,,Found,Found,Windows 10,firefox 57.0,24.0,1920x1080,match_status:2,T,F,T,F,desktop,Windows
84786,3264872,-15.0,86693.0,0.0,0.0,-1.0,-11.0,,,0.0,0.0,100.0,NotFound,33.0,,Found,Found,225.0,15.0,417.0,507.0,,,,,,,,Found,Found,,chrome 59.0 for android,,,,F,F,T,F,mobile,LG-H850 Build/MMB29M
47009,3096325,-5.0,74103.0,,,0.0,0.0,,,0.0,0.0,97.12000274658205,NotFound,52.0,-300.0,New,NotFound,166.0,,100.0,533.0,,,,,,,,Found,Found,Windows 7,chrome 63.0,24.0,1680x1050,match_status:2,T,F,T,F,desktop,Windows
93668,3318410,0.0,1562.0,,,0.0,0.0,,,,,100.0,NotFound,,-300.0,New,NotFound,166.0,,400.0,161.0,,,,,,,,New,NotFound,Mac OS X 10_13_1,chrome 64.0,24.0,1440x900,match_status:2,T,F,T,T,desktop,MacOS
38578,3081622,-5.0,45286.0,0.0,0.0,0.0,0.0,,,0.0,0.0,100.0,NotFound,52.0,-360.0,Found,Found,166.0,13.0,410.0,100.0,,,,,,,,Found,Found,Windows 10,chrome 63.0,24.0,1920x1080,match_status:2,T,F,T,F,desktop,Windows
88836,3285805,-5.0,213546.0,,,0.0,0.0,,,,,100.0,NotFound,33.0,-300.0,New,NotFound,166.0,15.0,390.0,549.0,,,,,,,,New,NotFound,Mac OS X 10_13_3,safari generic,24.0,2880x1800,match_status:0,T,F,T,F,desktop,MacOS
103051,3370789,-20.0,122560.0,,,1.0,0.0,,,,,100.0,NotFound,52.0,,New,NotFound,225.0,,427.0,340.0,,,,,,,,New,NotFound,,mobile safari generic,,,,F,F,T,F,mobile,
100218,3356825,-20.0,314441.0,,,0.0,0.0,,,,,100.0,NotFound,52.0,,Found,NotFound,225.0,,176.0,507.0,,,,,,,,Found,NotFound,,chrome generic,,,,F,F,T,F,desktop,Windows
36148,3077297,-5.0,109359.0,,,22.0,-5.0,,,,,100.0,NotFound,52.0,-360.0,New,NotFound,166.0,13.0,164.0,521.0,,,,,,,,New,NotFound,Windows 7,ie 11.0 for desktop,24.0,1280x1024,match_status:2,T,F,T,T,desktop,Trident/7.0
126165,3493337,0.0,425.0,0.0,0.0,0.0,-7.0,,,0.0,0.0,100.0,Found,,-300.0,Found,Found,166.0,15.0,193.0,500.0,,,,,,,,Found,Found,Windows 10,ie 11.0 for desktop,24.0,1600x900,match_status:2,T,T,T,T,desktop,Trident/7.0
118309,3447414,-5.0,157704.0,0.0,0.0,0.0,-1.0,,,0.0,0.0,100.0,NotFound,52.0,-300.0,Found,Found,166.0,,312.0,178.0,,,,,,,,Found,Found,Windows 7,chrome 65.0,24.0,1920x1080,match_status:2,T,F,T,T,desktop,Windows
28831,3063764,-5.0,131493.0,,,0.0,0.0,,,,,100.0,NotFound,49.0,-300.0,New,NotFound,166.0,15.0,390.0,549.0,,,,,,,,New,NotFound,iOS 10.3.3,mobile safari 10.0,32.0,2048x1536,match_status:1,T,F,F,F,mobile,iOS Device
7008,3013192,-5.0,479308.0,0.0,0.0,16.0,-34.0,,,0.0,0.0,100.0,NotFound,49.0,-300.0,Found,Found,166.0,15.0,321.0,600.0,,,,,,,,Found,Found,iOS 10.3.3,mobile safari 10.0,32.0,1334x750,,T,F,F,T,mobile,iOS Device
139567,3552607,-5.0,41571.0,0.0,0.0,1.0,-1.0,,,0.0,0.0,100.0,Found,52.0,-300.0,Found,Found,166.0,13.0,144.0,333.0,,,,,,,,Found,Found,Windows 7,chrome 66.0,24.0,1920x1200,match_status:2,T,F,T,F,desktop,Windows
112909,3418425,-5.0,166770.0,,,-4.0,-26.0,,,,,100.0,NotFound,64.0,,New,NotFound,225.0,13.0,266.0,595.0,,,,,,,,New,NotFound,,chrome 65.0 for android,,,,F,F,T,F,mobile,HTC Desire 10 lifestyle Build/MMB29M
104011,3375999,-45.0,345356.0,,,0.0,0.0,,,,,100.0,NotFound,33.0,,New,NotFound,225.0,,266.0,595.0,,,,,,,,New,NotFound,,chrome 65.0 for android,,,,F,F,T,F,mobile,ALE-L23 Build/HuaweiALE-L23
118335,3447550,-5.0,46986.0,0.0,0.0,0.0,0.0,,,0.0,0.0,100.0,NotFound,52.0,,Found,Found,225.0,,427.0,325.0,,,,,,,,Found,Found,,chrome 65.0,,,,F,F,T,F,desktop,Windows
38518,3081514,-5.0,39013.0,,,0.0,0.0,,,,,100.0,NotFound,49.0,-480.0,New,NotFound,166.0,,529.0,222.0,,,,,,,,New,NotFound,Mac OS X 10_10_5,safari generic,24.0,2560x1600,match_status:2,T,F,F,T,desktop,MacOS
49060,3099380,-5.0,345671.0,0.0,0.0,0.0,0.0,,,0.0,0.0,100.0,NotFound,52.0,-300.0,Found,Found,166.0,,542.0,484.0,,,,,,,,Found,Found,Windows 10,chrome 63.0,24.0,1920x1080,match_status:2,T,F,T,F,desktop,Windows
109948,3400598,0.0,163549.0,0.0,0.0,0.0,0.0,,,0.0,0.0,100.0,Found,,-600.0,Found,Found,166.0,,529.0,216.0,,,,,,,,Found,Found,Mac OS X 10_13_2,chrome 65.0,24.0,1920x1080,match_status:2,T,F,T,T,desktop,MacOS
119595,3454795,-5.0,32223.0,,,0.0,0.0,,,0.0,0.0,97.12000274658205,NotFound,52.0,-420.0,New,NotFound,166.0,13.0,492.0,324.0,,,,,,,,Found,Found,Windows 7,chrome 65.0,24.0,1280x1024,match_status:2,T,F,T,F,desktop,Windows
9047,3019068,0.0,117730.0,,,0.0,0.0,,,,,100.0,NotFound,,-300.0,New,NotFound,166.0,15.0,100.0,500.0,,,,,,,,New,NotFound,Mac OS X 10_12_6,safari generic,24.0,1920x1080,match_status:0,T,F,T,T,desktop,MacOS
131812,3522399,-5.0,233408.0,,,0.0,0.0,,,,,100.0,NotFound,52.0,,New,NotFound,225.0,,266.0,563.0,,,,,,,,New,NotFound,,chrome 66.0,,,,F,F,T,F,desktop,Windows
122401,3471167,-5.0,220423.0,,,0.0,0.0,,,,,100.0,NotFound,52.0,-300.0,New,NotFound,166.0,12.0,548.0,278.0,,,,,,,,New,NotFound,Windows 10,chrome 65.0,24.0,1920x1080,match_status:2,T,F,T,F,desktop,Windows
20315,3045933,0.0,57200.0,,,13.0,-4.0,,,,,100.0,NotFound,,-360.0,New,NotFound,166.0,13.0,337.0,333.0,,,,,,,,New,NotFound,Mac OS X 10_12_6,chrome 62.0,24.0,3360x2100,match_status:2,T,F,T,T,desktop,MacOS
11997,3026436,-5.0,455107.0,,,0.0,0.0,,,,,100.0,NotFound,52.0,,New,NotFound,225.0,,266.0,507.0,,,,,,,,New,NotFound,,edge 16.0,,,,F,F,T,T,desktop,Windows
138037,3546687,-10.0,5475.0,0.0,0.0,0.0,0.0,,,0.0,0.0,100.0,Found,52.0,-300.0,Found,Found,166.0,,633.0,533.0,,,,,,,,Found,Found,Windows 10,edge 16.0,24.0,1366x768,match_status:2,T,F,T,F,desktop,Windows
12348,3027224,-10.0,50283.0,,,12.0,-13.0,23.0,-12.0,,,100.0,NotFound,49.0,-360.0,New,NotFound,166.0,13.0,410.0,146.0,308.0,14.0,IP_PROXY:TRANSPARENT,15.0,205.0,194.0,Found,New,NotFound,iOS 11.2.0,mobile safari 11.0,32.0,2208x1242,match_status:1,T,F,F,T,mobile,iOS Device
108129,3392784,-5.0,227909.0,,,0.0,0.0,,,,,100.0,NotFound,64.0,-480.0,New,NotFound,166.0,,312.0,222.0,,,,,,,,New,NotFound,iOS 11.2.6,mobile safari generic,32.0,1334x750,match_status:1,T,F,F,T,mobile,iOS Device
14605,3032620,0.0,87002.0,,,0.0,0.0,,,,,100.0,NotFound,,-360.0,New,NotFound,166.0,,215.0,333.0,,,,,,,,New,NotFound,iOS 11.1.2,mobile safari 11.0,32.0,1334x750,match_status:1,T,F,T,T,mobile,iOS Device
97176,3340590,-5.0,216808.0,0.0,0.0,0.0,0.0,,,0.0,0.0,100.0,NotFound,52.0,,Found,Found,225.0,,266.0,507.0,,,,,,,,Found,Found,,chrome 64.0,,,,F,F,T,F,desktop,Windows
96907,3338714,-5.0,426160.0,0.0,0.0,0.0,0.0,,,0.0,0.0,100.0,Found,52.0,-360.0,Found,Found,166.0,,372.0,324.0,,,,,,,,Found,Found,Windows 10,edge 16.0,24.0,1920x1200,match_status:2,T,F,T,T,desktop,Windows
3119,3000395,-5.0,95154.0,,,7.0,-14.0,,,,,100.0,NotFound,52.0,-300.0,New,NotFound,166.0,12.0,440.0,597.0,,,,,,,,New,NotFound,Windows 10,chrome 62.0,24.0,1920x1080,match_status:2,T,F,T,F,desktop,Windows
94957,3327266,-5.0,159709.0,0.0,0.0,0.0,-11.0,,,0.0,0.0,100.0,Found,52.0,-300.0,Found,Found,166.0,,529.0,600.0,,,,,,,,Found,Found,Windows 7,chrome 64.0,24.0,1920x1200,match_status:2,T,F,T,F,desktop,Windows
27258,3060563,-5.0,369281.0,0.0,0.0,0.0,0.0,,,0.0,0.0,100.0,NotFound,43.0,,Found,Found,225.0,,427.0,507.0,,,,,,,,Found,Found,,chrome 55.0 for android,,,,F,F,T,T,mobile,GT-S7580L Build/JDQ39
87881,3281095,-5.0,291308.0,0.0,0.0,0.0,0.0,,,0.0,0.0,100.0,NotFound,33.0,,Found,Found,225.0,,427.0,325.0,,,,,,,,Found,Found,,chrome 64.0 for android,,,,F,F,T,F,mobile,TRT-L53 Build/HUAWEITRT-L53
54884,3110620,-5.0,135880.0,1.0,0.0,8.0,0.0,,,1.0,0.0,100.0,NotFound,52.0,,Found,Found,225.0,,176.0,507.0,,,,,,,,Found,Found,,firefox 57.0,,,,F,F,T,T,desktop,Windows
